ARM GAS  C:\Users\HP\AppData\Local\Temp\cckbLdqd.s 			page 1


   1              		.syntax unified
   2              		.cpu cortex-m0
   3              		.fpu softvfp
   4              		.eabi_attribute 20, 1
   5              		.eabi_attribute 21, 1
   6              		.eabi_attribute 23, 3
   7              		.eabi_attribute 24, 1
   8              		.eabi_attribute 25, 1
   9              		.eabi_attribute 26, 1
  10              		.eabi_attribute 30, 1
  11              		.eabi_attribute 34, 0
  12              		.eabi_attribute 18, 4
  13              		.thumb
  14              		.syntax unified
  15              		.file	"cyfitter_cfg.c"
  16              		.text
  17              	.Ltext0:
  18              		.cfi_sections	.debug_frame
  19              		.section	.text.cfg_write_bytes32,"ax",%progbits
  20              		.align	2
  21              		.code	16
  22              		.thumb_func
  23              		.type	cfg_write_bytes32, %function
  24              	cfg_write_bytes32:
  25              	.LFB3:
  26              		.file 1 "Generated_Source\\PSoC4\\cyfitter_cfg.c"
   1:Generated_Source\PSoC4/cyfitter_cfg.c **** 
   2:Generated_Source\PSoC4/cyfitter_cfg.c **** /*******************************************************************************
   3:Generated_Source\PSoC4/cyfitter_cfg.c **** * File Name: cyfitter_cfg.c
   4:Generated_Source\PSoC4/cyfitter_cfg.c **** * 
   5:Generated_Source\PSoC4/cyfitter_cfg.c **** * PSoC Creator  4.4
   6:Generated_Source\PSoC4/cyfitter_cfg.c **** *
   7:Generated_Source\PSoC4/cyfitter_cfg.c **** * Description:
   8:Generated_Source\PSoC4/cyfitter_cfg.c **** * This file contains device initialization code.
   9:Generated_Source\PSoC4/cyfitter_cfg.c **** * Except for the user defined sections in CyClockStartupError(), this file should not be modified.
  10:Generated_Source\PSoC4/cyfitter_cfg.c **** * This file is automatically generated by PSoC Creator.
  11:Generated_Source\PSoC4/cyfitter_cfg.c **** *
  12:Generated_Source\PSoC4/cyfitter_cfg.c **** ********************************************************************************
  13:Generated_Source\PSoC4/cyfitter_cfg.c **** * Copyright (c) 2007-2020 Cypress Semiconductor.  All rights reserved.
  14:Generated_Source\PSoC4/cyfitter_cfg.c **** * You may use this file only in accordance with the license, terms, conditions, 
  15:Generated_Source\PSoC4/cyfitter_cfg.c **** * disclaimers, and limitations in the end user license agreement accompanying 
  16:Generated_Source\PSoC4/cyfitter_cfg.c **** * the software package with which this file was provided.
  17:Generated_Source\PSoC4/cyfitter_cfg.c **** ********************************************************************************/
  18:Generated_Source\PSoC4/cyfitter_cfg.c **** 
  19:Generated_Source\PSoC4/cyfitter_cfg.c **** #include <string.h>
  20:Generated_Source\PSoC4/cyfitter_cfg.c **** #include "cytypes.h"
  21:Generated_Source\PSoC4/cyfitter_cfg.c **** #include "cydevice_trm.h"
  22:Generated_Source\PSoC4/cyfitter_cfg.c **** #include "cyfitter.h"
  23:Generated_Source\PSoC4/cyfitter_cfg.c **** #include "CyLib.h"
  24:Generated_Source\PSoC4/cyfitter_cfg.c **** #include "CyLFClk.h"
  25:Generated_Source\PSoC4/cyfitter_cfg.c **** #include "cyfitter_cfg.h"
  26:Generated_Source\PSoC4/cyfitter_cfg.c **** #include "cyapicallbacks.h"
  27:Generated_Source\PSoC4/cyfitter_cfg.c **** 
  28:Generated_Source\PSoC4/cyfitter_cfg.c **** 
  29:Generated_Source\PSoC4/cyfitter_cfg.c **** #if defined(__GNUC__) || defined(__ARMCC_VERSION)
  30:Generated_Source\PSoC4/cyfitter_cfg.c ****     #define CYPACKED 
  31:Generated_Source\PSoC4/cyfitter_cfg.c ****     #define CYPACKED_ATTR __attribute__ ((packed))
ARM GAS  C:\Users\HP\AppData\Local\Temp\cckbLdqd.s 			page 2


  32:Generated_Source\PSoC4/cyfitter_cfg.c ****     #define CYALIGNED __attribute__ ((aligned))
  33:Generated_Source\PSoC4/cyfitter_cfg.c ****     #define CY_CFG_UNUSED __attribute__ ((unused))
  34:Generated_Source\PSoC4/cyfitter_cfg.c ****     #ifndef CY_CFG_SECTION
  35:Generated_Source\PSoC4/cyfitter_cfg.c ****         #define CY_CFG_SECTION __attribute__ ((section(".psocinit")))
  36:Generated_Source\PSoC4/cyfitter_cfg.c ****     #endif
  37:Generated_Source\PSoC4/cyfitter_cfg.c ****     
  38:Generated_Source\PSoC4/cyfitter_cfg.c ****     #if defined(__ARMCC_VERSION)
  39:Generated_Source\PSoC4/cyfitter_cfg.c ****         #define CY_CFG_MEMORY_BARRIER() __memory_changed()
  40:Generated_Source\PSoC4/cyfitter_cfg.c ****     #else
  41:Generated_Source\PSoC4/cyfitter_cfg.c ****         #define CY_CFG_MEMORY_BARRIER() __sync_synchronize()
  42:Generated_Source\PSoC4/cyfitter_cfg.c ****     #endif
  43:Generated_Source\PSoC4/cyfitter_cfg.c ****     
  44:Generated_Source\PSoC4/cyfitter_cfg.c **** #elif defined(__ICCARM__)
  45:Generated_Source\PSoC4/cyfitter_cfg.c ****     #include <intrinsics.h>
  46:Generated_Source\PSoC4/cyfitter_cfg.c **** 
  47:Generated_Source\PSoC4/cyfitter_cfg.c ****     #define CYPACKED __packed
  48:Generated_Source\PSoC4/cyfitter_cfg.c ****     #define CYPACKED_ATTR 
  49:Generated_Source\PSoC4/cyfitter_cfg.c ****     #define CYALIGNED _Pragma("data_alignment=4")
  50:Generated_Source\PSoC4/cyfitter_cfg.c ****     #define CY_CFG_UNUSED _Pragma("diag_suppress=Pe177")
  51:Generated_Source\PSoC4/cyfitter_cfg.c ****     #define CY_CFG_SECTION _Pragma("location=\".psocinit\"")
  52:Generated_Source\PSoC4/cyfitter_cfg.c ****     
  53:Generated_Source\PSoC4/cyfitter_cfg.c ****     #define CY_CFG_MEMORY_BARRIER() __DMB()
  54:Generated_Source\PSoC4/cyfitter_cfg.c ****     
  55:Generated_Source\PSoC4/cyfitter_cfg.c **** #else
  56:Generated_Source\PSoC4/cyfitter_cfg.c ****     #error Unsupported toolchain
  57:Generated_Source\PSoC4/cyfitter_cfg.c **** #endif
  58:Generated_Source\PSoC4/cyfitter_cfg.c **** 
  59:Generated_Source\PSoC4/cyfitter_cfg.c **** #ifndef CYCODE
  60:Generated_Source\PSoC4/cyfitter_cfg.c ****     #define CYCODE
  61:Generated_Source\PSoC4/cyfitter_cfg.c **** #endif
  62:Generated_Source\PSoC4/cyfitter_cfg.c **** #ifndef CYDATA
  63:Generated_Source\PSoC4/cyfitter_cfg.c ****     #define CYDATA
  64:Generated_Source\PSoC4/cyfitter_cfg.c **** #endif
  65:Generated_Source\PSoC4/cyfitter_cfg.c **** #ifndef CYFAR
  66:Generated_Source\PSoC4/cyfitter_cfg.c ****     #define CYFAR
  67:Generated_Source\PSoC4/cyfitter_cfg.c **** #endif
  68:Generated_Source\PSoC4/cyfitter_cfg.c **** #ifndef CYXDATA
  69:Generated_Source\PSoC4/cyfitter_cfg.c ****     #define CYXDATA
  70:Generated_Source\PSoC4/cyfitter_cfg.c **** #endif
  71:Generated_Source\PSoC4/cyfitter_cfg.c **** 
  72:Generated_Source\PSoC4/cyfitter_cfg.c **** 
  73:Generated_Source\PSoC4/cyfitter_cfg.c **** CY_CFG_UNUSED
  74:Generated_Source\PSoC4/cyfitter_cfg.c **** static void CYMEMZERO(void *s, size_t n);
  75:Generated_Source\PSoC4/cyfitter_cfg.c **** CY_CFG_UNUSED
  76:Generated_Source\PSoC4/cyfitter_cfg.c **** static void CYMEMZERO(void *s, size_t n)
  77:Generated_Source\PSoC4/cyfitter_cfg.c **** {
  78:Generated_Source\PSoC4/cyfitter_cfg.c **** 	(void)memset(s, 0, n);
  79:Generated_Source\PSoC4/cyfitter_cfg.c **** }
  80:Generated_Source\PSoC4/cyfitter_cfg.c **** CY_CFG_UNUSED
  81:Generated_Source\PSoC4/cyfitter_cfg.c **** static void CYCONFIGCPY(void *dest, const void *src, size_t n);
  82:Generated_Source\PSoC4/cyfitter_cfg.c **** CY_CFG_UNUSED
  83:Generated_Source\PSoC4/cyfitter_cfg.c **** static void CYCONFIGCPY(void *dest, const void *src, size_t n)
  84:Generated_Source\PSoC4/cyfitter_cfg.c **** {
  85:Generated_Source\PSoC4/cyfitter_cfg.c **** 	(void)memcpy(dest, src, n);
  86:Generated_Source\PSoC4/cyfitter_cfg.c **** }
  87:Generated_Source\PSoC4/cyfitter_cfg.c **** CY_CFG_UNUSED
  88:Generated_Source\PSoC4/cyfitter_cfg.c **** static void CYCONFIGCPYCODE(void *dest, const void *src, size_t n);
ARM GAS  C:\Users\HP\AppData\Local\Temp\cckbLdqd.s 			page 3


  89:Generated_Source\PSoC4/cyfitter_cfg.c **** CY_CFG_UNUSED
  90:Generated_Source\PSoC4/cyfitter_cfg.c **** static void CYCONFIGCPYCODE(void *dest, const void *src, size_t n)
  91:Generated_Source\PSoC4/cyfitter_cfg.c **** {
  92:Generated_Source\PSoC4/cyfitter_cfg.c **** 	(void)memcpy(dest, src, n);
  93:Generated_Source\PSoC4/cyfitter_cfg.c **** }
  94:Generated_Source\PSoC4/cyfitter_cfg.c **** 
  95:Generated_Source\PSoC4/cyfitter_cfg.c **** 
  96:Generated_Source\PSoC4/cyfitter_cfg.c **** 
  97:Generated_Source\PSoC4/cyfitter_cfg.c **** 
  98:Generated_Source\PSoC4/cyfitter_cfg.c **** /* Clock startup error codes                                                   */
  99:Generated_Source\PSoC4/cyfitter_cfg.c **** #define CYCLOCKSTART_NO_ERROR    0u
 100:Generated_Source\PSoC4/cyfitter_cfg.c **** #define CYCLOCKSTART_XTAL_ERROR  1u
 101:Generated_Source\PSoC4/cyfitter_cfg.c **** #define CYCLOCKSTART_32KHZ_ERROR 2u
 102:Generated_Source\PSoC4/cyfitter_cfg.c **** #define CYCLOCKSTART_PLL_ERROR   3u
 103:Generated_Source\PSoC4/cyfitter_cfg.c **** #define CYCLOCKSTART_FLL_ERROR   4u
 104:Generated_Source\PSoC4/cyfitter_cfg.c **** #define CYCLOCKSTART_WCO_ERROR   5u
 105:Generated_Source\PSoC4/cyfitter_cfg.c **** 
 106:Generated_Source\PSoC4/cyfitter_cfg.c **** 
 107:Generated_Source\PSoC4/cyfitter_cfg.c **** #ifdef CY_NEED_CYCLOCKSTARTUPERROR
 108:Generated_Source\PSoC4/cyfitter_cfg.c **** /*******************************************************************************
 109:Generated_Source\PSoC4/cyfitter_cfg.c **** * Function Name: CyClockStartupError
 110:Generated_Source\PSoC4/cyfitter_cfg.c **** ********************************************************************************
 111:Generated_Source\PSoC4/cyfitter_cfg.c **** * Summary:
 112:Generated_Source\PSoC4/cyfitter_cfg.c **** *  If an error is encountered during clock configuration (crystal startup error,
 113:Generated_Source\PSoC4/cyfitter_cfg.c **** *  PLL lock error, etc.), the system will end up here.  Unless reimplemented by
 114:Generated_Source\PSoC4/cyfitter_cfg.c **** *  the customer, this function will stop in an infinite loop.
 115:Generated_Source\PSoC4/cyfitter_cfg.c **** *
 116:Generated_Source\PSoC4/cyfitter_cfg.c **** * Parameters:
 117:Generated_Source\PSoC4/cyfitter_cfg.c **** *   void
 118:Generated_Source\PSoC4/cyfitter_cfg.c **** *
 119:Generated_Source\PSoC4/cyfitter_cfg.c **** * Return:
 120:Generated_Source\PSoC4/cyfitter_cfg.c **** *   void
 121:Generated_Source\PSoC4/cyfitter_cfg.c **** *
 122:Generated_Source\PSoC4/cyfitter_cfg.c **** *******************************************************************************/
 123:Generated_Source\PSoC4/cyfitter_cfg.c **** CY_CFG_UNUSED
 124:Generated_Source\PSoC4/cyfitter_cfg.c **** static void CyClockStartupError(uint8 errorCode);
 125:Generated_Source\PSoC4/cyfitter_cfg.c **** CY_CFG_UNUSED
 126:Generated_Source\PSoC4/cyfitter_cfg.c **** static void CyClockStartupError(uint8 errorCode)
 127:Generated_Source\PSoC4/cyfitter_cfg.c **** {
 128:Generated_Source\PSoC4/cyfitter_cfg.c ****     /* To remove the compiler warning if errorCode not used.                */
 129:Generated_Source\PSoC4/cyfitter_cfg.c ****     errorCode = errorCode;
 130:Generated_Source\PSoC4/cyfitter_cfg.c **** 
 131:Generated_Source\PSoC4/cyfitter_cfg.c ****     /* If we have a clock startup error (bad MHz crystal, PLL lock, etc.),  */
 132:Generated_Source\PSoC4/cyfitter_cfg.c ****     /* we will end up here to allow the customer to implement something to  */
 133:Generated_Source\PSoC4/cyfitter_cfg.c ****     /* deal with the clock condition.                                       */
 134:Generated_Source\PSoC4/cyfitter_cfg.c **** 
 135:Generated_Source\PSoC4/cyfitter_cfg.c **** #ifdef CY_CFG_CLOCK_STARTUP_ERROR_CALLBACK
 136:Generated_Source\PSoC4/cyfitter_cfg.c ****     CY_CFG_Clock_Startup_ErrorCallback();
 137:Generated_Source\PSoC4/cyfitter_cfg.c **** #else
 138:Generated_Source\PSoC4/cyfitter_cfg.c ****     /*  If not using CY_CFG_CLOCK_STARTUP_ERROR_CALLBACK, place your clock startup code here. */
 139:Generated_Source\PSoC4/cyfitter_cfg.c ****     /* `#START CyClockStartupError` */
 140:Generated_Source\PSoC4/cyfitter_cfg.c **** 
 141:Generated_Source\PSoC4/cyfitter_cfg.c **** 
 142:Generated_Source\PSoC4/cyfitter_cfg.c **** 
 143:Generated_Source\PSoC4/cyfitter_cfg.c ****     /* `#END` */
 144:Generated_Source\PSoC4/cyfitter_cfg.c **** 
 145:Generated_Source\PSoC4/cyfitter_cfg.c ****     while(1) {}
ARM GAS  C:\Users\HP\AppData\Local\Temp\cckbLdqd.s 			page 4


 146:Generated_Source\PSoC4/cyfitter_cfg.c **** #endif /* CY_CFG_CLOCK_STARTUP_ERROR_CALLBACK */
 147:Generated_Source\PSoC4/cyfitter_cfg.c **** }
 148:Generated_Source\PSoC4/cyfitter_cfg.c **** #endif
 149:Generated_Source\PSoC4/cyfitter_cfg.c **** 
 150:Generated_Source\PSoC4/cyfitter_cfg.c **** #define CY_CFG_BASE_ADDR_COUNT 10u
 151:Generated_Source\PSoC4/cyfitter_cfg.c **** CYPACKED typedef struct
 152:Generated_Source\PSoC4/cyfitter_cfg.c **** {
 153:Generated_Source\PSoC4/cyfitter_cfg.c **** 	uint8 offset;
 154:Generated_Source\PSoC4/cyfitter_cfg.c **** 	uint8 value;
 155:Generated_Source\PSoC4/cyfitter_cfg.c **** } CYPACKED_ATTR cy_cfg_addrvalue_t;
 156:Generated_Source\PSoC4/cyfitter_cfg.c **** 
 157:Generated_Source\PSoC4/cyfitter_cfg.c **** 
 158:Generated_Source\PSoC4/cyfitter_cfg.c **** 
 159:Generated_Source\PSoC4/cyfitter_cfg.c **** /*******************************************************************************
 160:Generated_Source\PSoC4/cyfitter_cfg.c **** * Function Name: cfg_write_bytes32
 161:Generated_Source\PSoC4/cyfitter_cfg.c **** ********************************************************************************
 162:Generated_Source\PSoC4/cyfitter_cfg.c **** * Summary:
 163:Generated_Source\PSoC4/cyfitter_cfg.c **** *  This function is used for setting up the chip configuration areas that
 164:Generated_Source\PSoC4/cyfitter_cfg.c **** *  contain relatively sparse data.
 165:Generated_Source\PSoC4/cyfitter_cfg.c **** *
 166:Generated_Source\PSoC4/cyfitter_cfg.c **** * Parameters:
 167:Generated_Source\PSoC4/cyfitter_cfg.c **** *   void
 168:Generated_Source\PSoC4/cyfitter_cfg.c **** *
 169:Generated_Source\PSoC4/cyfitter_cfg.c **** * Return:
 170:Generated_Source\PSoC4/cyfitter_cfg.c **** *   void
 171:Generated_Source\PSoC4/cyfitter_cfg.c **** *
 172:Generated_Source\PSoC4/cyfitter_cfg.c **** *******************************************************************************/
 173:Generated_Source\PSoC4/cyfitter_cfg.c **** static void cfg_write_bytes32(const uint32 addr_table[], const cy_cfg_addrvalue_t data_table[]);
 174:Generated_Source\PSoC4/cyfitter_cfg.c **** static void cfg_write_bytes32(const uint32 addr_table[], const cy_cfg_addrvalue_t data_table[])
 175:Generated_Source\PSoC4/cyfitter_cfg.c **** {
  27              		.loc 1 175 0
  28              		.cfi_startproc
  29              		@ args = 0, pretend = 0, frame = 0
  30              		@ frame_needed = 0, uses_anonymous_args = 0
  31              	.LVL0:
  32 0000 F0B5     		push	{r4, r5, r6, r7, lr}
  33              		.cfi_def_cfa_offset 20
  34              		.cfi_offset 4, -20
  35              		.cfi_offset 5, -16
  36              		.cfi_offset 6, -12
  37              		.cfi_offset 7, -8
  38              		.cfi_offset 14, -4
  39              	.LVL1:
 176:Generated_Source\PSoC4/cyfitter_cfg.c **** 	/* For 32-bit little-endian architectures */
 177:Generated_Source\PSoC4/cyfitter_cfg.c **** 	uint32 i, j = 0u;
  40              		.loc 1 177 0
  41 0002 0025     		movs	r5, #0
 178:Generated_Source\PSoC4/cyfitter_cfg.c **** 	for (i = 0u; i < CY_CFG_BASE_ADDR_COUNT; i++)
  42              		.loc 1 178 0
  43 0004 0027     		movs	r7, #0
  44 0006 11E0     		b	.L2
  45              	.LVL2:
  46              	.L5:
  47              	.LBB2:
 179:Generated_Source\PSoC4/cyfitter_cfg.c **** 	{
 180:Generated_Source\PSoC4/cyfitter_cfg.c **** 		uint32 baseAddr = addr_table[i];
  48              		.loc 1 180 0
ARM GAS  C:\Users\HP\AppData\Local\Temp\cckbLdqd.s 			page 5


  49 0008 BB00     		lsls	r3, r7, #2
  50 000a C658     		ldr	r6, [r0, r3]
  51              	.LVL3:
 181:Generated_Source\PSoC4/cyfitter_cfg.c **** 		uint8 count = (uint8)baseAddr;
  52              		.loc 1 181 0
  53 000c F3B2     		uxtb	r3, r6
  54              	.LVL4:
 182:Generated_Source\PSoC4/cyfitter_cfg.c **** 		baseAddr &= 0xFFFFFF00u;
  55              		.loc 1 182 0
  56 000e FF22     		movs	r2, #255
  57 0010 9643     		bics	r6, r2
  58              	.LVL5:
 183:Generated_Source\PSoC4/cyfitter_cfg.c **** 		while (count != 0u)
  59              		.loc 1 183 0
  60 0012 08E0     		b	.L3
  61              	.L4:
 184:Generated_Source\PSoC4/cyfitter_cfg.c **** 		{
 185:Generated_Source\PSoC4/cyfitter_cfg.c **** 			CY_SET_REG8((void *)(baseAddr + data_table[j].offset), data_table[j].value);
  62              		.loc 1 185 0
  63 0014 6A00     		lsls	r2, r5, #1
  64 0016 8A18     		adds	r2, r1, r2
  65 0018 1478     		ldrb	r4, [r2]
  66 001a A419     		adds	r4, r4, r6
  67 001c 5278     		ldrb	r2, [r2, #1]
  68 001e 2270     		strb	r2, [r4]
 186:Generated_Source\PSoC4/cyfitter_cfg.c **** 			j++;
  69              		.loc 1 186 0
  70 0020 0135     		adds	r5, r5, #1
  71              	.LVL6:
 187:Generated_Source\PSoC4/cyfitter_cfg.c **** 			count--;
  72              		.loc 1 187 0
  73 0022 013B     		subs	r3, r3, #1
  74              	.LVL7:
  75 0024 DBB2     		uxtb	r3, r3
  76              	.LVL8:
  77              	.L3:
 183:Generated_Source\PSoC4/cyfitter_cfg.c **** 		{
  78              		.loc 1 183 0
  79 0026 002B     		cmp	r3, #0
  80 0028 F4D1     		bne	.L4
  81              	.LBE2:
 178:Generated_Source\PSoC4/cyfitter_cfg.c **** 	{
  82              		.loc 1 178 0 discriminator 2
  83 002a 0137     		adds	r7, r7, #1
  84              	.LVL9:
  85              	.L2:
 178:Generated_Source\PSoC4/cyfitter_cfg.c **** 	{
  86              		.loc 1 178 0 is_stmt 0 discriminator 1
  87 002c 092F     		cmp	r7, #9
  88 002e EBD9     		bls	.L5
 188:Generated_Source\PSoC4/cyfitter_cfg.c **** 		}
 189:Generated_Source\PSoC4/cyfitter_cfg.c **** 	}
 190:Generated_Source\PSoC4/cyfitter_cfg.c **** }
  89              		.loc 1 190 0 is_stmt 1
  90              		@ sp needed
  91              	.LVL10:
  92              	.LVL11:
ARM GAS  C:\Users\HP\AppData\Local\Temp\cckbLdqd.s 			page 6


  93 0030 F0BD     		pop	{r4, r5, r6, r7, pc}
  94              		.cfi_endproc
  95              	.LFE3:
  96              		.size	cfg_write_bytes32, .-cfg_write_bytes32
  97 0032 C046     		.section	.text.CYMEMZERO,"ax",%progbits
  98              		.align	2
  99              		.code	16
 100              		.thumb_func
 101              		.type	CYMEMZERO, %function
 102              	CYMEMZERO:
 103              	.LFB0:
  77:Generated_Source\PSoC4/cyfitter_cfg.c **** 	(void)memset(s, 0, n);
 104              		.loc 1 77 0
 105              		.cfi_startproc
 106              		@ args = 0, pretend = 0, frame = 0
 107              		@ frame_needed = 0, uses_anonymous_args = 0
 108              	.LVL12:
 109 0000 10B5     		push	{r4, lr}
 110              		.cfi_def_cfa_offset 8
 111              		.cfi_offset 4, -8
 112              		.cfi_offset 14, -4
 113 0002 0A00     		movs	r2, r1
  78:Generated_Source\PSoC4/cyfitter_cfg.c **** }
 114              		.loc 1 78 0
 115 0004 0021     		movs	r1, #0
 116              	.LVL13:
 117 0006 FFF7FEFF 		bl	memset
 118              	.LVL14:
  79:Generated_Source\PSoC4/cyfitter_cfg.c **** CY_CFG_UNUSED
 119              		.loc 1 79 0
 120              		@ sp needed
 121 000a 10BD     		pop	{r4, pc}
 122              		.cfi_endproc
 123              	.LFE0:
 124              		.size	CYMEMZERO, .-CYMEMZERO
 125              		.section	.psocinit,"ax",%progbits
 126              		.align	2
 127              		.code	16
 128              		.thumb_func
 129              		.type	ClockSetup, %function
 130              	ClockSetup:
 131              	.LFB4:
 191:Generated_Source\PSoC4/cyfitter_cfg.c **** 
 192:Generated_Source\PSoC4/cyfitter_cfg.c **** 
 193:Generated_Source\PSoC4/cyfitter_cfg.c **** /*******************************************************************************
 194:Generated_Source\PSoC4/cyfitter_cfg.c **** * Function Name: ClockSetup
 195:Generated_Source\PSoC4/cyfitter_cfg.c **** ********************************************************************************
 196:Generated_Source\PSoC4/cyfitter_cfg.c **** *
 197:Generated_Source\PSoC4/cyfitter_cfg.c **** * Summary:
 198:Generated_Source\PSoC4/cyfitter_cfg.c **** *   Performs the initialization of all of the clocks in the device based on the
 199:Generated_Source\PSoC4/cyfitter_cfg.c **** *   settings in the Clock tab of the DWR.  This includes enabling the requested
 200:Generated_Source\PSoC4/cyfitter_cfg.c **** *   clocks and setting the necessary dividers to produce the desired frequency. 
 201:Generated_Source\PSoC4/cyfitter_cfg.c **** *
 202:Generated_Source\PSoC4/cyfitter_cfg.c **** * Parameters:
 203:Generated_Source\PSoC4/cyfitter_cfg.c **** *   void
 204:Generated_Source\PSoC4/cyfitter_cfg.c **** *
 205:Generated_Source\PSoC4/cyfitter_cfg.c **** * Return:
ARM GAS  C:\Users\HP\AppData\Local\Temp\cckbLdqd.s 			page 7


 206:Generated_Source\PSoC4/cyfitter_cfg.c **** *   void
 207:Generated_Source\PSoC4/cyfitter_cfg.c **** *
 208:Generated_Source\PSoC4/cyfitter_cfg.c **** *******************************************************************************/
 209:Generated_Source\PSoC4/cyfitter_cfg.c **** static void ClockSetup(void);
 210:Generated_Source\PSoC4/cyfitter_cfg.c **** CY_CFG_SECTION
 211:Generated_Source\PSoC4/cyfitter_cfg.c **** static void ClockSetup(void)
 212:Generated_Source\PSoC4/cyfitter_cfg.c **** {
 132              		.loc 1 212 0
 133              		.cfi_startproc
 134              		@ args = 0, pretend = 0, frame = 0
 135              		@ frame_needed = 0, uses_anonymous_args = 0
 136 0000 70B5     		push	{r4, r5, r6, lr}
 137              		.cfi_def_cfa_offset 16
 138              		.cfi_offset 4, -16
 139              		.cfi_offset 5, -12
 140              		.cfi_offset 6, -8
 141              		.cfi_offset 14, -4
 213:Generated_Source\PSoC4/cyfitter_cfg.c **** 	/* Enable HALF_EN before trimming for the flash accelerator. */
 214:Generated_Source\PSoC4/cyfitter_cfg.c **** 	CY_SET_REG32((void CYXDATA *)(CYREG_CLK_SELECT), (CY_GET_REG32((void *)CYREG_CLK_SELECT) | 0x00040
 142              		.loc 1 214 0
 143 0002 0F4C     		ldr	r4, .L8
 144 0004 2368     		ldr	r3, [r4]
 145 0006 8022     		movs	r2, #128
 146 0008 D202     		lsls	r2, r2, #11
 147 000a 1343     		orrs	r3, r2
 148 000c 2360     		str	r3, [r4]
 215:Generated_Source\PSoC4/cyfitter_cfg.c **** 
 216:Generated_Source\PSoC4/cyfitter_cfg.c **** 	/* Setup and trim IMO based on desired frequency. */
 217:Generated_Source\PSoC4/cyfitter_cfg.c **** 	CySysClkWriteImoFreq(24u);
 149              		.loc 1 217 0
 150 000e 1820     		movs	r0, #24
 151 0010 FFF7FEFF 		bl	CySysClkWriteImoFreq
 152              	.LVL15:
 218:Generated_Source\PSoC4/cyfitter_cfg.c **** 
 219:Generated_Source\PSoC4/cyfitter_cfg.c **** 	/* Disable HALF_EN since it is not required at this IMO frequency. */
 220:Generated_Source\PSoC4/cyfitter_cfg.c **** 	CY_SET_REG32((void CYXDATA *)(CYREG_CLK_SELECT), (CY_GET_REG32((void *)CYREG_CLK_SELECT) & 0xFFFBF
 153              		.loc 1 220 0
 154 0014 2268     		ldr	r2, [r4]
 155 0016 0B4B     		ldr	r3, .L8+4
 156 0018 1340     		ands	r3, r2
 157 001a 2360     		str	r3, [r4]
 221:Generated_Source\PSoC4/cyfitter_cfg.c **** 	/* CYDEV_CLK_ILO_CONFIG Starting address: CYDEV_CLK_ILO_CONFIG */
 222:Generated_Source\PSoC4/cyfitter_cfg.c **** 	CY_SET_REG32((void *)(CYREG_CLK_ILO_CONFIG), 0x80000006u);
 158              		.loc 1 222 0
 159 001c 0A4A     		ldr	r2, .L8+8
 160 001e 0B4B     		ldr	r3, .L8+12
 161 0020 1A60     		str	r2, [r3]
 223:Generated_Source\PSoC4/cyfitter_cfg.c **** 
 224:Generated_Source\PSoC4/cyfitter_cfg.c **** 
 225:Generated_Source\PSoC4/cyfitter_cfg.c **** 	/* CYDEV_CLK_IMO_CONFIG Starting address: CYDEV_CLK_IMO_CONFIG */
 226:Generated_Source\PSoC4/cyfitter_cfg.c **** 	CY_SET_REG32((void *)(CYREG_CLK_IMO_CONFIG), 0x80000000u);
 162              		.loc 1 226 0
 163 0022 063A     		subs	r2, r2, #6
 164 0024 0A4B     		ldr	r3, .L8+16
 165 0026 1A60     		str	r2, [r3]
 227:Generated_Source\PSoC4/cyfitter_cfg.c **** 
 228:Generated_Source\PSoC4/cyfitter_cfg.c **** 	/* CYDEV_CLK_SELECT Starting address: CYDEV_CLK_SELECT */
ARM GAS  C:\Users\HP\AppData\Local\Temp\cckbLdqd.s 			page 8


 229:Generated_Source\PSoC4/cyfitter_cfg.c **** 	CY_SET_REG32((void *)(CYREG_CLK_SELECT), 0x00000000u);
 166              		.loc 1 229 0
 167 0028 0025     		movs	r5, #0
 168 002a 2560     		str	r5, [r4]
 230:Generated_Source\PSoC4/cyfitter_cfg.c **** 
 231:Generated_Source\PSoC4/cyfitter_cfg.c **** 	(void)CyIntSetVector(9u, &CySysWdtIsr);
 169              		.loc 1 231 0
 170 002c 0949     		ldr	r1, .L8+20
 171 002e 0920     		movs	r0, #9
 172 0030 FFF7FEFF 		bl	CyIntSetVector
 173              	.LVL16:
 232:Generated_Source\PSoC4/cyfitter_cfg.c **** 	CyIntEnable(9u);
 174              		.loc 1 232 0
 175 0034 0920     		movs	r0, #9
 176 0036 FFF7FEFF 		bl	CyIntEnable
 177              	.LVL17:
 233:Generated_Source\PSoC4/cyfitter_cfg.c **** 	CY_SET_REG32((void *)(CYREG_WDT_CONFIG), 0x00000000u);
 178              		.loc 1 233 0
 179 003a 074B     		ldr	r3, .L8+24
 180 003c 1D60     		str	r5, [r3]
 234:Generated_Source\PSoC4/cyfitter_cfg.c **** }
 181              		.loc 1 234 0
 182              		@ sp needed
 183 003e 70BD     		pop	{r4, r5, r6, pc}
 184              	.L9:
 185              		.align	2
 186              	.L8:
 187 0040 00010B40 		.word	1074462976
 188 0044 FFFFFBFF 		.word	-262145
 189 0048 06000080 		.word	-2147483642
 190 004c 04010B40 		.word	1074462980
 191 0050 08010B40 		.word	1074462984
 192 0054 00000000 		.word	CySysWdtIsr
 193 0058 0C020B40 		.word	1074463244
 194              		.cfi_endproc
 195              	.LFE4:
 196              		.size	ClockSetup, .-ClockSetup
 197              		.section	.text.SetAnalogRoutingPumps,"ax",%progbits
 198              		.align	2
 199              		.global	SetAnalogRoutingPumps
 200              		.code	16
 201              		.thumb_func
 202              		.type	SetAnalogRoutingPumps, %function
 203              	SetAnalogRoutingPumps:
 204              	.LFB6:
 235:Generated_Source\PSoC4/cyfitter_cfg.c **** 
 236:Generated_Source\PSoC4/cyfitter_cfg.c **** 
 237:Generated_Source\PSoC4/cyfitter_cfg.c **** /* Analog API Functions */
 238:Generated_Source\PSoC4/cyfitter_cfg.c **** 
 239:Generated_Source\PSoC4/cyfitter_cfg.c **** 
 240:Generated_Source\PSoC4/cyfitter_cfg.c **** /*******************************************************************************
 241:Generated_Source\PSoC4/cyfitter_cfg.c **** * Function Name: AnalogSetDefault
 242:Generated_Source\PSoC4/cyfitter_cfg.c **** ********************************************************************************
 243:Generated_Source\PSoC4/cyfitter_cfg.c **** *
 244:Generated_Source\PSoC4/cyfitter_cfg.c **** * Summary:
 245:Generated_Source\PSoC4/cyfitter_cfg.c **** *  Sets up the analog portions of the chip to default values based on chip
 246:Generated_Source\PSoC4/cyfitter_cfg.c **** *  configuration options from the project.
ARM GAS  C:\Users\HP\AppData\Local\Temp\cckbLdqd.s 			page 9


 247:Generated_Source\PSoC4/cyfitter_cfg.c **** *
 248:Generated_Source\PSoC4/cyfitter_cfg.c **** * Parameters:
 249:Generated_Source\PSoC4/cyfitter_cfg.c **** *  void
 250:Generated_Source\PSoC4/cyfitter_cfg.c **** *
 251:Generated_Source\PSoC4/cyfitter_cfg.c **** * Return:
 252:Generated_Source\PSoC4/cyfitter_cfg.c **** *  void
 253:Generated_Source\PSoC4/cyfitter_cfg.c **** *
 254:Generated_Source\PSoC4/cyfitter_cfg.c **** *******************************************************************************/
 255:Generated_Source\PSoC4/cyfitter_cfg.c **** static void AnalogSetDefault(void);
 256:Generated_Source\PSoC4/cyfitter_cfg.c **** static void AnalogSetDefault(void)
 257:Generated_Source\PSoC4/cyfitter_cfg.c **** {
 258:Generated_Source\PSoC4/cyfitter_cfg.c **** 	SetAnalogRoutingPumps(1);
 259:Generated_Source\PSoC4/cyfitter_cfg.c **** }
 260:Generated_Source\PSoC4/cyfitter_cfg.c **** 
 261:Generated_Source\PSoC4/cyfitter_cfg.c **** 
 262:Generated_Source\PSoC4/cyfitter_cfg.c **** /*******************************************************************************
 263:Generated_Source\PSoC4/cyfitter_cfg.c **** * Function Name: SetAnalogRoutingPumps
 264:Generated_Source\PSoC4/cyfitter_cfg.c **** ********************************************************************************
 265:Generated_Source\PSoC4/cyfitter_cfg.c **** *
 266:Generated_Source\PSoC4/cyfitter_cfg.c **** * Summary:
 267:Generated_Source\PSoC4/cyfitter_cfg.c **** * Enables or disables the analog pumps feeding analog routing switches.
 268:Generated_Source\PSoC4/cyfitter_cfg.c **** * Intended to be called at startup, based on the Vdda system configuration;
 269:Generated_Source\PSoC4/cyfitter_cfg.c **** * may be called during operation when the user informs us that the Vdda voltage crossed the pump th
 270:Generated_Source\PSoC4/cyfitter_cfg.c **** *
 271:Generated_Source\PSoC4/cyfitter_cfg.c **** * Parameters:
 272:Generated_Source\PSoC4/cyfitter_cfg.c **** *  enabled - 1 to enable the pumps, 0 to disable the pumps
 273:Generated_Source\PSoC4/cyfitter_cfg.c **** *
 274:Generated_Source\PSoC4/cyfitter_cfg.c **** * Return:
 275:Generated_Source\PSoC4/cyfitter_cfg.c **** *  void
 276:Generated_Source\PSoC4/cyfitter_cfg.c **** *
 277:Generated_Source\PSoC4/cyfitter_cfg.c **** *******************************************************************************/
 278:Generated_Source\PSoC4/cyfitter_cfg.c **** void SetAnalogRoutingPumps(uint8 enabled)
 279:Generated_Source\PSoC4/cyfitter_cfg.c **** {
 205              		.loc 1 279 0
 206              		.cfi_startproc
 207              		@ args = 0, pretend = 0, frame = 0
 208              		@ frame_needed = 0, uses_anonymous_args = 0
 209              		@ link register save eliminated.
 210              	.LVL18:
 280:Generated_Source\PSoC4/cyfitter_cfg.c **** 	uint32 regValue = CY_GET_XTND_REG32((void *)(CYREG_SAR_PUMP_CTRL));
 211              		.loc 1 280 0
 212 0000 0C4B     		ldr	r3, .L15
 213 0002 1B68     		ldr	r3, [r3]
 214              	.LVL19:
 281:Generated_Source\PSoC4/cyfitter_cfg.c **** 	if (enabled != 0u)
 215              		.loc 1 281 0
 216 0004 0028     		cmp	r0, #0
 217 0006 03D0     		beq	.L11
 282:Generated_Source\PSoC4/cyfitter_cfg.c **** 	{
 283:Generated_Source\PSoC4/cyfitter_cfg.c **** 		regValue |= 0x80000000u;
 218              		.loc 1 283 0
 219 0008 8022     		movs	r2, #128
 220 000a 1206     		lsls	r2, r2, #24
 221 000c 1343     		orrs	r3, r2
 222              	.LVL20:
 223 000e 01E0     		b	.L12
 224              	.L11:
ARM GAS  C:\Users\HP\AppData\Local\Temp\cckbLdqd.s 			page 10


 284:Generated_Source\PSoC4/cyfitter_cfg.c **** 	}
 285:Generated_Source\PSoC4/cyfitter_cfg.c **** 	else
 286:Generated_Source\PSoC4/cyfitter_cfg.c **** 	{
 287:Generated_Source\PSoC4/cyfitter_cfg.c **** 		regValue &= ~0x80000000u;
 225              		.loc 1 287 0
 226 0010 5B00     		lsls	r3, r3, #1
 227              	.LVL21:
 228 0012 5B08     		lsrs	r3, r3, #1
 229              	.LVL22:
 230              	.L12:
 288:Generated_Source\PSoC4/cyfitter_cfg.c **** 	}
 289:Generated_Source\PSoC4/cyfitter_cfg.c **** 	CY_SET_XTND_REG32((void *)(CYREG_SAR_PUMP_CTRL), regValue);
 231              		.loc 1 289 0
 232 0014 074A     		ldr	r2, .L15
 233 0016 1360     		str	r3, [r2]
 290:Generated_Source\PSoC4/cyfitter_cfg.c **** 	regValue = CY_GET_XTND_REG32((void *)(CYREG_CLK_IMO_CONFIG));
 234              		.loc 1 290 0
 235 0018 074B     		ldr	r3, .L15+4
 236              	.LVL23:
 237 001a 1B68     		ldr	r3, [r3]
 238              	.LVL24:
 291:Generated_Source\PSoC4/cyfitter_cfg.c **** 	if (enabled != 0u)
 239              		.loc 1 291 0
 240 001c 0028     		cmp	r0, #0
 241 001e 03D0     		beq	.L13
 292:Generated_Source\PSoC4/cyfitter_cfg.c **** 	{
 293:Generated_Source\PSoC4/cyfitter_cfg.c **** 		regValue |= 0x02000000u;
 242              		.loc 1 293 0
 243 0020 8022     		movs	r2, #128
 244 0022 9204     		lsls	r2, r2, #18
 245 0024 1343     		orrs	r3, r2
 246              	.LVL25:
 247 0026 01E0     		b	.L14
 248              	.L13:
 294:Generated_Source\PSoC4/cyfitter_cfg.c **** 	}
 295:Generated_Source\PSoC4/cyfitter_cfg.c **** 	else
 296:Generated_Source\PSoC4/cyfitter_cfg.c **** 	{
 297:Generated_Source\PSoC4/cyfitter_cfg.c **** 		regValue &= ~0x02000000u;
 249              		.loc 1 297 0
 250 0028 044A     		ldr	r2, .L15+8
 251 002a 1340     		ands	r3, r2
 252              	.LVL26:
 253              	.L14:
 298:Generated_Source\PSoC4/cyfitter_cfg.c **** 	}
 299:Generated_Source\PSoC4/cyfitter_cfg.c **** 	CY_SET_XTND_REG32((void *)(CYREG_CLK_IMO_CONFIG), regValue);
 254              		.loc 1 299 0
 255 002c 024A     		ldr	r2, .L15+4
 256 002e 1360     		str	r3, [r2]
 300:Generated_Source\PSoC4/cyfitter_cfg.c **** }
 257              		.loc 1 300 0
 258              		@ sp needed
 259 0030 7047     		bx	lr
 260              	.L16:
 261 0032 C046     		.align	2
 262              	.L15:
 263 0034 80031A40 		.word	1075446656
 264 0038 08010B40 		.word	1074462984
ARM GAS  C:\Users\HP\AppData\Local\Temp\cckbLdqd.s 			page 11


 265 003c FFFFFFFD 		.word	-33554433
 266              		.cfi_endproc
 267              	.LFE6:
 268              		.size	SetAnalogRoutingPumps, .-SetAnalogRoutingPumps
 269              		.section	.text.AnalogSetDefault,"ax",%progbits
 270              		.align	2
 271              		.code	16
 272              		.thumb_func
 273              		.type	AnalogSetDefault, %function
 274              	AnalogSetDefault:
 275              	.LFB5:
 257:Generated_Source\PSoC4/cyfitter_cfg.c **** 	SetAnalogRoutingPumps(1);
 276              		.loc 1 257 0
 277              		.cfi_startproc
 278              		@ args = 0, pretend = 0, frame = 0
 279              		@ frame_needed = 0, uses_anonymous_args = 0
 280 0000 10B5     		push	{r4, lr}
 281              		.cfi_def_cfa_offset 8
 282              		.cfi_offset 4, -8
 283              		.cfi_offset 14, -4
 258:Generated_Source\PSoC4/cyfitter_cfg.c **** }
 284              		.loc 1 258 0
 285 0002 0120     		movs	r0, #1
 286 0004 FFF7FEFF 		bl	SetAnalogRoutingPumps
 287              	.LVL27:
 259:Generated_Source\PSoC4/cyfitter_cfg.c **** 
 288              		.loc 1 259 0
 289              		@ sp needed
 290 0008 10BD     		pop	{r4, pc}
 291              		.cfi_endproc
 292              	.LFE5:
 293              		.size	AnalogSetDefault, .-AnalogSetDefault
 294              		.section	.psocinit
 295              		.align	2
 296              		.global	cyfitter_cfg
 297              		.code	16
 298              		.thumb_func
 299              		.type	cyfitter_cfg, %function
 300              	cyfitter_cfg:
 301              	.LFB7:
 301:Generated_Source\PSoC4/cyfitter_cfg.c **** 
 302:Generated_Source\PSoC4/cyfitter_cfg.c **** 
 303:Generated_Source\PSoC4/cyfitter_cfg.c **** 
 304:Generated_Source\PSoC4/cyfitter_cfg.c **** 
 305:Generated_Source\PSoC4/cyfitter_cfg.c **** /*******************************************************************************
 306:Generated_Source\PSoC4/cyfitter_cfg.c **** * Function Name: cyfitter_cfg
 307:Generated_Source\PSoC4/cyfitter_cfg.c **** ********************************************************************************
 308:Generated_Source\PSoC4/cyfitter_cfg.c **** * Summary:
 309:Generated_Source\PSoC4/cyfitter_cfg.c **** *  This function is called by the start-up code for the selected device. It
 310:Generated_Source\PSoC4/cyfitter_cfg.c **** *  performs all of the necessary device configuration based on the design
 311:Generated_Source\PSoC4/cyfitter_cfg.c **** *  settings.  This includes settings from the Design Wide Resources (DWR) such
 312:Generated_Source\PSoC4/cyfitter_cfg.c **** *  as Clocks and Pins as well as any component configuration that is necessary.
 313:Generated_Source\PSoC4/cyfitter_cfg.c **** *
 314:Generated_Source\PSoC4/cyfitter_cfg.c **** * Parameters:
 315:Generated_Source\PSoC4/cyfitter_cfg.c **** *   void
 316:Generated_Source\PSoC4/cyfitter_cfg.c **** *
 317:Generated_Source\PSoC4/cyfitter_cfg.c **** * Return:
ARM GAS  C:\Users\HP\AppData\Local\Temp\cckbLdqd.s 			page 12


 318:Generated_Source\PSoC4/cyfitter_cfg.c **** *   void
 319:Generated_Source\PSoC4/cyfitter_cfg.c **** *
 320:Generated_Source\PSoC4/cyfitter_cfg.c **** *******************************************************************************/
 321:Generated_Source\PSoC4/cyfitter_cfg.c **** CY_CFG_SECTION
 322:Generated_Source\PSoC4/cyfitter_cfg.c **** void cyfitter_cfg(void)
 323:Generated_Source\PSoC4/cyfitter_cfg.c **** {
 302              		.loc 1 323 0
 303              		.cfi_startproc
 304              		@ args = 0, pretend = 0, frame = 0
 305              		@ frame_needed = 0, uses_anonymous_args = 0
 306 005c 10B5     		push	{r4, lr}
 307              		.cfi_def_cfa_offset 8
 308              		.cfi_offset 4, -8
 309              		.cfi_offset 14, -4
 324:Generated_Source\PSoC4/cyfitter_cfg.c **** 	/* Disable interrupts by default. Let user enable if/when they want. */
 325:Generated_Source\PSoC4/cyfitter_cfg.c **** 	CyGlobalIntDisable;
 310              		.loc 1 325 0
 311              		.syntax divided
 312              	@ 325 "Generated_Source\PSoC4\cyfitter_cfg.c" 1
 313 005e 72B6     		CPSID   i
 314              	@ 0 "" 2
 326:Generated_Source\PSoC4/cyfitter_cfg.c **** 
 327:Generated_Source\PSoC4/cyfitter_cfg.c **** 	/* Enable the clock in the interrupt controller for the routed interrupts */
 328:Generated_Source\PSoC4/cyfitter_cfg.c **** 	CY_SET_REG8((void *)CYREG_UDB_UDBIF_INT_CLK_CTL, 0x01u);
 315              		.loc 1 328 0
 316              		.thumb
 317              		.syntax unified
 318 0060 0122     		movs	r2, #1
 319 0062 2D4B     		ldr	r3, .L21
 320 0064 1A70     		strb	r2, [r3]
 321              	.LVL28:
 322              	.LBB3:
 329:Generated_Source\PSoC4/cyfitter_cfg.c **** 	{
 330:Generated_Source\PSoC4/cyfitter_cfg.c **** 		static const uint32 CYCODE cy_cfg_addr_table[] = {
 331:Generated_Source\PSoC4/cyfitter_cfg.c **** 			0x400F0002u, /* Base address: 0x400F0000 Count: 2 */
 332:Generated_Source\PSoC4/cyfitter_cfg.c **** 			0x400F3034u, /* Base address: 0x400F3000 Count: 52 */
 333:Generated_Source\PSoC4/cyfitter_cfg.c **** 			0x400F3119u, /* Base address: 0x400F3100 Count: 25 */
 334:Generated_Source\PSoC4/cyfitter_cfg.c **** 			0x400F3236u, /* Base address: 0x400F3200 Count: 54 */
 335:Generated_Source\PSoC4/cyfitter_cfg.c **** 			0x400F3321u, /* Base address: 0x400F3300 Count: 33 */
 336:Generated_Source\PSoC4/cyfitter_cfg.c **** 			0x400F4011u, /* Base address: 0x400F4000 Count: 17 */
 337:Generated_Source\PSoC4/cyfitter_cfg.c **** 			0x400F4105u, /* Base address: 0x400F4100 Count: 5 */
 338:Generated_Source\PSoC4/cyfitter_cfg.c **** 			0x400F4205u, /* Base address: 0x400F4200 Count: 5 */
 339:Generated_Source\PSoC4/cyfitter_cfg.c **** 			0x400F430Au, /* Base address: 0x400F4300 Count: 10 */
 340:Generated_Source\PSoC4/cyfitter_cfg.c **** 			0x400F6002u, /* Base address: 0x400F6000 Count: 2 */
 341:Generated_Source\PSoC4/cyfitter_cfg.c **** 		};
 342:Generated_Source\PSoC4/cyfitter_cfg.c **** 
 343:Generated_Source\PSoC4/cyfitter_cfg.c **** 		static const cy_cfg_addrvalue_t CYCODE cy_cfg_data_table[] = {
 344:Generated_Source\PSoC4/cyfitter_cfg.c **** 			{0x81u, 0x0Du},
 345:Generated_Source\PSoC4/cyfitter_cfg.c **** 			{0x83u, 0x0Du},
 346:Generated_Source\PSoC4/cyfitter_cfg.c **** 			{0x40u, 0x54u},
 347:Generated_Source\PSoC4/cyfitter_cfg.c **** 			{0x49u, 0xFFu},
 348:Generated_Source\PSoC4/cyfitter_cfg.c **** 			{0x4Au, 0xFFu},
 349:Generated_Source\PSoC4/cyfitter_cfg.c **** 			{0x4Bu, 0xFFu},
 350:Generated_Source\PSoC4/cyfitter_cfg.c **** 			{0x4Fu, 0x01u},
 351:Generated_Source\PSoC4/cyfitter_cfg.c **** 			{0x50u, 0x18u},
 352:Generated_Source\PSoC4/cyfitter_cfg.c **** 			{0x52u, 0x80u},
 353:Generated_Source\PSoC4/cyfitter_cfg.c **** 			{0x5Au, 0x0Au},
ARM GAS  C:\Users\HP\AppData\Local\Temp\cckbLdqd.s 			page 13


 354:Generated_Source\PSoC4/cyfitter_cfg.c **** 			{0x5Bu, 0x0Bu},
 355:Generated_Source\PSoC4/cyfitter_cfg.c **** 			{0x5Du, 0x99u},
 356:Generated_Source\PSoC4/cyfitter_cfg.c **** 			{0x5Fu, 0x01u},
 357:Generated_Source\PSoC4/cyfitter_cfg.c **** 			{0x60u, 0x40u},
 358:Generated_Source\PSoC4/cyfitter_cfg.c **** 			{0x62u, 0x40u},
 359:Generated_Source\PSoC4/cyfitter_cfg.c **** 			{0x64u, 0x40u},
 360:Generated_Source\PSoC4/cyfitter_cfg.c **** 			{0x65u, 0x40u},
 361:Generated_Source\PSoC4/cyfitter_cfg.c **** 			{0x66u, 0x80u},
 362:Generated_Source\PSoC4/cyfitter_cfg.c **** 			{0x68u, 0x80u},
 363:Generated_Source\PSoC4/cyfitter_cfg.c **** 			{0x6Au, 0x80u},
 364:Generated_Source\PSoC4/cyfitter_cfg.c **** 			{0x6Cu, 0x80u},
 365:Generated_Source\PSoC4/cyfitter_cfg.c **** 			{0x6Eu, 0x80u},
 366:Generated_Source\PSoC4/cyfitter_cfg.c **** 			{0x82u, 0x01u},
 367:Generated_Source\PSoC4/cyfitter_cfg.c **** 			{0x92u, 0x01u},
 368:Generated_Source\PSoC4/cyfitter_cfg.c **** 			{0xB0u, 0x01u},
 369:Generated_Source\PSoC4/cyfitter_cfg.c **** 			{0xB4u, 0x01u},
 370:Generated_Source\PSoC4/cyfitter_cfg.c **** 			{0xBEu, 0x01u},
 371:Generated_Source\PSoC4/cyfitter_cfg.c **** 			{0xC0u, 0x54u},
 372:Generated_Source\PSoC4/cyfitter_cfg.c **** 			{0xC5u, 0xECu},
 373:Generated_Source\PSoC4/cyfitter_cfg.c **** 			{0xC6u, 0x02u},
 374:Generated_Source\PSoC4/cyfitter_cfg.c **** 			{0xC8u, 0x07u},
 375:Generated_Source\PSoC4/cyfitter_cfg.c **** 			{0xC9u, 0xFFu},
 376:Generated_Source\PSoC4/cyfitter_cfg.c **** 			{0xCAu, 0xFFu},
 377:Generated_Source\PSoC4/cyfitter_cfg.c **** 			{0xCBu, 0xFFu},
 378:Generated_Source\PSoC4/cyfitter_cfg.c **** 			{0xCDu, 0x83u},
 379:Generated_Source\PSoC4/cyfitter_cfg.c **** 			{0xCEu, 0x03u},
 380:Generated_Source\PSoC4/cyfitter_cfg.c **** 			{0xCFu, 0x01u},
 381:Generated_Source\PSoC4/cyfitter_cfg.c **** 			{0xD0u, 0x18u},
 382:Generated_Source\PSoC4/cyfitter_cfg.c **** 			{0xD4u, 0x01u},
 383:Generated_Source\PSoC4/cyfitter_cfg.c **** 			{0xD8u, 0x09u},
 384:Generated_Source\PSoC4/cyfitter_cfg.c **** 			{0xDAu, 0x09u},
 385:Generated_Source\PSoC4/cyfitter_cfg.c **** 			{0xDBu, 0x09u},
 386:Generated_Source\PSoC4/cyfitter_cfg.c **** 			{0xDCu, 0x09u},
 387:Generated_Source\PSoC4/cyfitter_cfg.c **** 			{0xDDu, 0x99u},
 388:Generated_Source\PSoC4/cyfitter_cfg.c **** 			{0xDFu, 0x01u},
 389:Generated_Source\PSoC4/cyfitter_cfg.c **** 			{0xE0u, 0x40u},
 390:Generated_Source\PSoC4/cyfitter_cfg.c **** 			{0xE2u, 0x40u},
 391:Generated_Source\PSoC4/cyfitter_cfg.c **** 			{0xE4u, 0x40u},
 392:Generated_Source\PSoC4/cyfitter_cfg.c **** 			{0xE5u, 0x40u},
 393:Generated_Source\PSoC4/cyfitter_cfg.c **** 			{0xE6u, 0x80u},
 394:Generated_Source\PSoC4/cyfitter_cfg.c **** 			{0xE8u, 0x80u},
 395:Generated_Source\PSoC4/cyfitter_cfg.c **** 			{0xEAu, 0x80u},
 396:Generated_Source\PSoC4/cyfitter_cfg.c **** 			{0xECu, 0x80u},
 397:Generated_Source\PSoC4/cyfitter_cfg.c **** 			{0xEEu, 0x80u},
 398:Generated_Source\PSoC4/cyfitter_cfg.c **** 			{0x06u, 0x80u},
 399:Generated_Source\PSoC4/cyfitter_cfg.c **** 			{0x0Cu, 0x02u},
 400:Generated_Source\PSoC4/cyfitter_cfg.c **** 			{0x1Eu, 0x40u},
 401:Generated_Source\PSoC4/cyfitter_cfg.c **** 			{0x1Fu, 0x20u},
 402:Generated_Source\PSoC4/cyfitter_cfg.c **** 			{0x42u, 0x80u},
 403:Generated_Source\PSoC4/cyfitter_cfg.c **** 			{0x46u, 0x80u},
 404:Generated_Source\PSoC4/cyfitter_cfg.c **** 			{0x48u, 0x02u},
 405:Generated_Source\PSoC4/cyfitter_cfg.c **** 			{0x4Cu, 0x02u},
 406:Generated_Source\PSoC4/cyfitter_cfg.c **** 			{0x4Du, 0x04u},
 407:Generated_Source\PSoC4/cyfitter_cfg.c **** 			{0x4Fu, 0x01u},
 408:Generated_Source\PSoC4/cyfitter_cfg.c **** 			{0x56u, 0x80u},
 409:Generated_Source\PSoC4/cyfitter_cfg.c **** 			{0x5Du, 0x04u},
 410:Generated_Source\PSoC4/cyfitter_cfg.c **** 			{0x5Eu, 0x40u},
ARM GAS  C:\Users\HP\AppData\Local\Temp\cckbLdqd.s 			page 14


 411:Generated_Source\PSoC4/cyfitter_cfg.c **** 			{0x5Fu, 0x01u},
 412:Generated_Source\PSoC4/cyfitter_cfg.c **** 			{0x70u, 0x02u},
 413:Generated_Source\PSoC4/cyfitter_cfg.c **** 			{0x78u, 0x05u},
 414:Generated_Source\PSoC4/cyfitter_cfg.c **** 			{0x7Fu, 0x04u},
 415:Generated_Source\PSoC4/cyfitter_cfg.c **** 			{0x83u, 0x20u},
 416:Generated_Source\PSoC4/cyfitter_cfg.c **** 			{0xC0u, 0x10u},
 417:Generated_Source\PSoC4/cyfitter_cfg.c **** 			{0xC2u, 0x10u},
 418:Generated_Source\PSoC4/cyfitter_cfg.c **** 			{0xD0u, 0x81u},
 419:Generated_Source\PSoC4/cyfitter_cfg.c **** 			{0xD2u, 0x18u},
 420:Generated_Source\PSoC4/cyfitter_cfg.c **** 			{0xD6u, 0xD0u},
 421:Generated_Source\PSoC4/cyfitter_cfg.c **** 			{0xDEu, 0x23u},
 422:Generated_Source\PSoC4/cyfitter_cfg.c **** 			{0xE2u, 0x01u},
 423:Generated_Source\PSoC4/cyfitter_cfg.c **** 			{0x40u, 0x45u},
 424:Generated_Source\PSoC4/cyfitter_cfg.c **** 			{0x49u, 0xFFu},
 425:Generated_Source\PSoC4/cyfitter_cfg.c **** 			{0x4Au, 0xFFu},
 426:Generated_Source\PSoC4/cyfitter_cfg.c **** 			{0x4Bu, 0xFFu},
 427:Generated_Source\PSoC4/cyfitter_cfg.c **** 			{0x4Fu, 0x01u},
 428:Generated_Source\PSoC4/cyfitter_cfg.c **** 			{0x50u, 0x18u},
 429:Generated_Source\PSoC4/cyfitter_cfg.c **** 			{0x52u, 0x80u},
 430:Generated_Source\PSoC4/cyfitter_cfg.c **** 			{0x56u, 0x08u},
 431:Generated_Source\PSoC4/cyfitter_cfg.c **** 			{0x5Au, 0x04u},
 432:Generated_Source\PSoC4/cyfitter_cfg.c **** 			{0x5Bu, 0x04u},
 433:Generated_Source\PSoC4/cyfitter_cfg.c **** 			{0x5Du, 0x99u},
 434:Generated_Source\PSoC4/cyfitter_cfg.c **** 			{0x5Fu, 0x01u},
 435:Generated_Source\PSoC4/cyfitter_cfg.c **** 			{0x60u, 0x40u},
 436:Generated_Source\PSoC4/cyfitter_cfg.c **** 			{0x62u, 0x40u},
 437:Generated_Source\PSoC4/cyfitter_cfg.c **** 			{0x64u, 0x40u},
 438:Generated_Source\PSoC4/cyfitter_cfg.c **** 			{0x65u, 0x40u},
 439:Generated_Source\PSoC4/cyfitter_cfg.c **** 			{0x66u, 0x80u},
 440:Generated_Source\PSoC4/cyfitter_cfg.c **** 			{0x68u, 0x80u},
 441:Generated_Source\PSoC4/cyfitter_cfg.c **** 			{0x6Au, 0x80u},
 442:Generated_Source\PSoC4/cyfitter_cfg.c **** 			{0x6Cu, 0x80u},
 443:Generated_Source\PSoC4/cyfitter_cfg.c **** 			{0x6Eu, 0x80u},
 444:Generated_Source\PSoC4/cyfitter_cfg.c **** 			{0x82u, 0x01u},
 445:Generated_Source\PSoC4/cyfitter_cfg.c **** 			{0x8Eu, 0x01u},
 446:Generated_Source\PSoC4/cyfitter_cfg.c **** 			{0xB0u, 0x01u},
 447:Generated_Source\PSoC4/cyfitter_cfg.c **** 			{0xB2u, 0x01u},
 448:Generated_Source\PSoC4/cyfitter_cfg.c **** 			{0xB8u, 0x20u},
 449:Generated_Source\PSoC4/cyfitter_cfg.c **** 			{0xBEu, 0x11u},
 450:Generated_Source\PSoC4/cyfitter_cfg.c **** 			{0xC0u, 0x14u},
 451:Generated_Source\PSoC4/cyfitter_cfg.c **** 			{0xC5u, 0xECu},
 452:Generated_Source\PSoC4/cyfitter_cfg.c **** 			{0xC7u, 0x20u},
 453:Generated_Source\PSoC4/cyfitter_cfg.c **** 			{0xC8u, 0x23u},
 454:Generated_Source\PSoC4/cyfitter_cfg.c **** 			{0xC9u, 0xFFu},
 455:Generated_Source\PSoC4/cyfitter_cfg.c **** 			{0xCAu, 0xFFu},
 456:Generated_Source\PSoC4/cyfitter_cfg.c **** 			{0xCBu, 0xFFu},
 457:Generated_Source\PSoC4/cyfitter_cfg.c **** 			{0xCDu, 0x83u},
 458:Generated_Source\PSoC4/cyfitter_cfg.c **** 			{0xCEu, 0x03u},
 459:Generated_Source\PSoC4/cyfitter_cfg.c **** 			{0xCFu, 0x01u},
 460:Generated_Source\PSoC4/cyfitter_cfg.c **** 			{0xD0u, 0x18u},
 461:Generated_Source\PSoC4/cyfitter_cfg.c **** 			{0xD4u, 0x01u},
 462:Generated_Source\PSoC4/cyfitter_cfg.c **** 			{0xD8u, 0x04u},
 463:Generated_Source\PSoC4/cyfitter_cfg.c **** 			{0xDAu, 0x04u},
 464:Generated_Source\PSoC4/cyfitter_cfg.c **** 			{0xDBu, 0x04u},
 465:Generated_Source\PSoC4/cyfitter_cfg.c **** 			{0xDCu, 0x09u},
 466:Generated_Source\PSoC4/cyfitter_cfg.c **** 			{0xDDu, 0x99u},
 467:Generated_Source\PSoC4/cyfitter_cfg.c **** 			{0xDFu, 0x01u},
ARM GAS  C:\Users\HP\AppData\Local\Temp\cckbLdqd.s 			page 15


 468:Generated_Source\PSoC4/cyfitter_cfg.c **** 			{0xE0u, 0x40u},
 469:Generated_Source\PSoC4/cyfitter_cfg.c **** 			{0xE2u, 0x40u},
 470:Generated_Source\PSoC4/cyfitter_cfg.c **** 			{0xE4u, 0x40u},
 471:Generated_Source\PSoC4/cyfitter_cfg.c **** 			{0xE5u, 0x40u},
 472:Generated_Source\PSoC4/cyfitter_cfg.c **** 			{0xE6u, 0x80u},
 473:Generated_Source\PSoC4/cyfitter_cfg.c **** 			{0xE8u, 0x80u},
 474:Generated_Source\PSoC4/cyfitter_cfg.c **** 			{0xEAu, 0x80u},
 475:Generated_Source\PSoC4/cyfitter_cfg.c **** 			{0xECu, 0x80u},
 476:Generated_Source\PSoC4/cyfitter_cfg.c **** 			{0xEEu, 0x80u},
 477:Generated_Source\PSoC4/cyfitter_cfg.c **** 			{0x02u, 0x02u},
 478:Generated_Source\PSoC4/cyfitter_cfg.c **** 			{0x03u, 0x40u},
 479:Generated_Source\PSoC4/cyfitter_cfg.c **** 			{0x18u, 0x04u},
 480:Generated_Source\PSoC4/cyfitter_cfg.c **** 			{0x1Au, 0x60u},
 481:Generated_Source\PSoC4/cyfitter_cfg.c **** 			{0x28u, 0x08u},
 482:Generated_Source\PSoC4/cyfitter_cfg.c **** 			{0x29u, 0x20u},
 483:Generated_Source\PSoC4/cyfitter_cfg.c **** 			{0x41u, 0x01u},
 484:Generated_Source\PSoC4/cyfitter_cfg.c **** 			{0x43u, 0x40u},
 485:Generated_Source\PSoC4/cyfitter_cfg.c **** 			{0x46u, 0x80u},
 486:Generated_Source\PSoC4/cyfitter_cfg.c **** 			{0x49u, 0x05u},
 487:Generated_Source\PSoC4/cyfitter_cfg.c **** 			{0x4Eu, 0x02u},
 488:Generated_Source\PSoC4/cyfitter_cfg.c **** 			{0x51u, 0x01u},
 489:Generated_Source\PSoC4/cyfitter_cfg.c **** 			{0x52u, 0x02u},
 490:Generated_Source\PSoC4/cyfitter_cfg.c **** 			{0x59u, 0x05u},
 491:Generated_Source\PSoC4/cyfitter_cfg.c **** 			{0x5Au, 0x40u},
 492:Generated_Source\PSoC4/cyfitter_cfg.c **** 			{0x5Cu, 0x40u},
 493:Generated_Source\PSoC4/cyfitter_cfg.c **** 			{0x5Du, 0x20u},
 494:Generated_Source\PSoC4/cyfitter_cfg.c **** 			{0x64u, 0x05u},
 495:Generated_Source\PSoC4/cyfitter_cfg.c **** 			{0x67u, 0x08u},
 496:Generated_Source\PSoC4/cyfitter_cfg.c **** 			{0x76u, 0x80u},
 497:Generated_Source\PSoC4/cyfitter_cfg.c **** 			{0x77u, 0x40u},
 498:Generated_Source\PSoC4/cyfitter_cfg.c **** 			{0x8Cu, 0x4Cu},
 499:Generated_Source\PSoC4/cyfitter_cfg.c **** 			{0x96u, 0x20u},
 500:Generated_Source\PSoC4/cyfitter_cfg.c **** 			{0x97u, 0x08u},
 501:Generated_Source\PSoC4/cyfitter_cfg.c **** 			{0x9Cu, 0x05u},
 502:Generated_Source\PSoC4/cyfitter_cfg.c **** 			{0xAAu, 0x10u},
 503:Generated_Source\PSoC4/cyfitter_cfg.c **** 			{0xC0u, 0x09u},
 504:Generated_Source\PSoC4/cyfitter_cfg.c **** 			{0xD0u, 0x89u},
 505:Generated_Source\PSoC4/cyfitter_cfg.c **** 			{0xD2u, 0x10u},
 506:Generated_Source\PSoC4/cyfitter_cfg.c **** 			{0xD6u, 0x3Bu},
 507:Generated_Source\PSoC4/cyfitter_cfg.c **** 			{0xD8u, 0x30u},
 508:Generated_Source\PSoC4/cyfitter_cfg.c **** 			{0xE0u, 0x40u},
 509:Generated_Source\PSoC4/cyfitter_cfg.c **** 			{0xE2u, 0x10u},
 510:Generated_Source\PSoC4/cyfitter_cfg.c **** 			{0x02u, 0x10u},
 511:Generated_Source\PSoC4/cyfitter_cfg.c **** 			{0x0Fu, 0x02u},
 512:Generated_Source\PSoC4/cyfitter_cfg.c **** 			{0x18u, 0x02u},
 513:Generated_Source\PSoC4/cyfitter_cfg.c **** 			{0x6Cu, 0x04u},
 514:Generated_Source\PSoC4/cyfitter_cfg.c **** 			{0x73u, 0x01u},
 515:Generated_Source\PSoC4/cyfitter_cfg.c **** 			{0x75u, 0x10u},
 516:Generated_Source\PSoC4/cyfitter_cfg.c **** 			{0x76u, 0x10u},
 517:Generated_Source\PSoC4/cyfitter_cfg.c **** 			{0x7Bu, 0x81u},
 518:Generated_Source\PSoC4/cyfitter_cfg.c **** 			{0x83u, 0x81u},
 519:Generated_Source\PSoC4/cyfitter_cfg.c **** 			{0xC0u, 0x10u},
 520:Generated_Source\PSoC4/cyfitter_cfg.c **** 			{0xC2u, 0x80u},
 521:Generated_Source\PSoC4/cyfitter_cfg.c **** 			{0xC6u, 0x40u},
 522:Generated_Source\PSoC4/cyfitter_cfg.c **** 			{0xDAu, 0x80u},
 523:Generated_Source\PSoC4/cyfitter_cfg.c **** 			{0xDCu, 0xE0u},
 524:Generated_Source\PSoC4/cyfitter_cfg.c **** 			{0xDEu, 0x60u},
ARM GAS  C:\Users\HP\AppData\Local\Temp\cckbLdqd.s 			page 16


 525:Generated_Source\PSoC4/cyfitter_cfg.c **** 			{0xE2u, 0x80u},
 526:Generated_Source\PSoC4/cyfitter_cfg.c **** 			{0xE6u, 0x20u},
 527:Generated_Source\PSoC4/cyfitter_cfg.c **** 			{0x8Cu, 0x05u},
 528:Generated_Source\PSoC4/cyfitter_cfg.c **** 			{0x90u, 0x02u},
 529:Generated_Source\PSoC4/cyfitter_cfg.c **** 			{0x94u, 0x08u},
 530:Generated_Source\PSoC4/cyfitter_cfg.c **** 			{0xA9u, 0x10u},
 531:Generated_Source\PSoC4/cyfitter_cfg.c **** 			{0xEEu, 0x20u},
 532:Generated_Source\PSoC4/cyfitter_cfg.c **** 			{0x0Fu, 0x01u},
 533:Generated_Source\PSoC4/cyfitter_cfg.c **** 			{0x77u, 0x08u},
 534:Generated_Source\PSoC4/cyfitter_cfg.c **** 			{0x83u, 0x01u},
 535:Generated_Source\PSoC4/cyfitter_cfg.c **** 			{0xC2u, 0x01u},
 536:Generated_Source\PSoC4/cyfitter_cfg.c **** 			{0xDCu, 0x02u},
 537:Generated_Source\PSoC4/cyfitter_cfg.c **** 			{0x08u, 0x80u},
 538:Generated_Source\PSoC4/cyfitter_cfg.c **** 			{0x56u, 0x20u},
 539:Generated_Source\PSoC4/cyfitter_cfg.c **** 			{0x8Cu, 0x80u},
 540:Generated_Source\PSoC4/cyfitter_cfg.c **** 			{0x8Eu, 0x20u},
 541:Generated_Source\PSoC4/cyfitter_cfg.c **** 			{0x8Fu, 0x08u},
 542:Generated_Source\PSoC4/cyfitter_cfg.c **** 			{0x9Fu, 0x08u},
 543:Generated_Source\PSoC4/cyfitter_cfg.c **** 			{0xC2u, 0x02u},
 544:Generated_Source\PSoC4/cyfitter_cfg.c **** 			{0xD4u, 0x02u},
 545:Generated_Source\PSoC4/cyfitter_cfg.c **** 			{0xE2u, 0x08u},
 546:Generated_Source\PSoC4/cyfitter_cfg.c **** 			{0xE4u, 0x02u},
 547:Generated_Source\PSoC4/cyfitter_cfg.c **** 			{0x02u, 0x01u},
 548:Generated_Source\PSoC4/cyfitter_cfg.c **** 			{0x11u, 0x01u},
 549:Generated_Source\PSoC4/cyfitter_cfg.c **** 		};
 550:Generated_Source\PSoC4/cyfitter_cfg.c **** 
 551:Generated_Source\PSoC4/cyfitter_cfg.c **** 
 552:Generated_Source\PSoC4/cyfitter_cfg.c **** 
 553:Generated_Source\PSoC4/cyfitter_cfg.c **** 		CYPACKED typedef struct {
 554:Generated_Source\PSoC4/cyfitter_cfg.c **** 			void CYFAR *address;
 555:Generated_Source\PSoC4/cyfitter_cfg.c **** 			uint16 size;
 556:Generated_Source\PSoC4/cyfitter_cfg.c **** 		} CYPACKED_ATTR cfg_memset_t;
 557:Generated_Source\PSoC4/cyfitter_cfg.c **** 
 558:Generated_Source\PSoC4/cyfitter_cfg.c **** 		static const cfg_memset_t CYCODE cfg_memset_list[] = {
 559:Generated_Source\PSoC4/cyfitter_cfg.c **** 			/* address, size */
 560:Generated_Source\PSoC4/cyfitter_cfg.c **** 			{(void CYFAR *)(CYDEV_UDB_P0_U0_BASE), 1024u},
 561:Generated_Source\PSoC4/cyfitter_cfg.c **** 			{(void CYFAR *)(CYDEV_UDB_DSI0_BASE), 1024u},
 562:Generated_Source\PSoC4/cyfitter_cfg.c **** 		};
 563:Generated_Source\PSoC4/cyfitter_cfg.c **** 
 564:Generated_Source\PSoC4/cyfitter_cfg.c **** 		uint8 CYDATA i;
 565:Generated_Source\PSoC4/cyfitter_cfg.c **** 
 566:Generated_Source\PSoC4/cyfitter_cfg.c **** 		/* Zero out critical memory blocks before beginning configuration */
 567:Generated_Source\PSoC4/cyfitter_cfg.c **** 		for (i = 0u; i < (sizeof(cfg_memset_list)/sizeof(cfg_memset_list[0])); i++)
 323              		.loc 1 567 0
 324 0066 0024     		movs	r4, #0
 325 0068 0FE0     		b	.L19
 326              	.LVL29:
 327              	.L20:
 328              	.LBB4:
 568:Generated_Source\PSoC4/cyfitter_cfg.c **** 		{
 569:Generated_Source\PSoC4/cyfitter_cfg.c **** 			const cfg_memset_t CYCODE * CYDATA ms = &cfg_memset_list[i];
 570:Generated_Source\PSoC4/cyfitter_cfg.c **** 			CYMEMZERO(ms->address, (size_t)(uint32)(ms->size));
 329              		.loc 1 570 0 discriminator 3
 330 006a 2C48     		ldr	r0, .L21+4
 331 006c 6200     		lsls	r2, r4, #1
 332 006e 1319     		adds	r3, r2, r4
 333 0070 5900     		lsls	r1, r3, #1
ARM GAS  C:\Users\HP\AppData\Local\Temp\cckbLdqd.s 			page 17


 334 0072 0B00     		movs	r3, r1
 335 0074 4118     		adds	r1, r0, r1
 336 0076 8988     		ldrh	r1, [r1, #4]
 337 0078 1A5A     		ldrh	r2, [r3, r0]
 338 007a C318     		adds	r3, r0, r3
 339 007c 5888     		ldrh	r0, [r3, #2]
 340 007e 0004     		lsls	r0, r0, #16
 341 0080 1043     		orrs	r0, r2
 342 0082 FFF7FEFF 		bl	CYMEMZERO
 343              	.LVL30:
 344              	.LBE4:
 567:Generated_Source\PSoC4/cyfitter_cfg.c **** 		{
 345              		.loc 1 567 0 discriminator 3
 346 0086 0134     		adds	r4, r4, #1
 347              	.LVL31:
 348 0088 E4B2     		uxtb	r4, r4
 349              	.LVL32:
 350              	.L19:
 567:Generated_Source\PSoC4/cyfitter_cfg.c **** 		{
 351              		.loc 1 567 0 is_stmt 0 discriminator 1
 352 008a 012C     		cmp	r4, #1
 353 008c EDD9     		bls	.L20
 571:Generated_Source\PSoC4/cyfitter_cfg.c **** 		}
 572:Generated_Source\PSoC4/cyfitter_cfg.c **** 
 573:Generated_Source\PSoC4/cyfitter_cfg.c **** 		cfg_write_bytes32(cy_cfg_addr_table, cy_cfg_data_table);
 354              		.loc 1 573 0 is_stmt 1
 355 008e 2349     		ldr	r1, .L21+4
 356 0090 0C31     		adds	r1, r1, #12
 357 0092 2348     		ldr	r0, .L21+8
 358 0094 2830     		adds	r0, r0, #40
 359 0096 FFF7FEFF 		bl	cfg_write_bytes32
 360              	.LVL33:
 574:Generated_Source\PSoC4/cyfitter_cfg.c **** 
 575:Generated_Source\PSoC4/cyfitter_cfg.c **** 		/* HSIOM Starting address: CYDEV_HSIOM_BASE */
 576:Generated_Source\PSoC4/cyfitter_cfg.c **** 		CY_SET_REG32((void *)(CYREG_HSIOM_PORT_SEL3), 0x0000EE06u);
 361              		.loc 1 576 0
 362 009a 224A     		ldr	r2, .L21+12
 363 009c 224B     		ldr	r3, .L21+16
 364 009e 1A60     		str	r2, [r3]
 577:Generated_Source\PSoC4/cyfitter_cfg.c **** 
 578:Generated_Source\PSoC4/cyfitter_cfg.c **** 		/* UDB_PA_0 Starting address: CYDEV_UDB_PA0_BASE */
 579:Generated_Source\PSoC4/cyfitter_cfg.c **** 		CY_SET_REG32((void *)(CYDEV_UDB_PA0_BASE), 0x00990000u);
 365              		.loc 1 579 0
 366 00a0 9923     		movs	r3, #153
 367 00a2 1B04     		lsls	r3, r3, #16
 368 00a4 214A     		ldr	r2, .L21+20
 369 00a6 1360     		str	r3, [r2]
 580:Generated_Source\PSoC4/cyfitter_cfg.c **** 
 581:Generated_Source\PSoC4/cyfitter_cfg.c **** 		/* UDB_PA_1 Starting address: CYDEV_UDB_PA1_BASE */
 582:Generated_Source\PSoC4/cyfitter_cfg.c **** 		CY_SET_REG32((void *)(CYDEV_UDB_PA1_BASE), 0x00990000u);
 370              		.loc 1 582 0
 371 00a8 214A     		ldr	r2, .L21+24
 372 00aa 1360     		str	r3, [r2]
 583:Generated_Source\PSoC4/cyfitter_cfg.c **** 
 584:Generated_Source\PSoC4/cyfitter_cfg.c **** 		/* UDB_PA_2 Starting address: CYDEV_UDB_PA2_BASE */
 585:Generated_Source\PSoC4/cyfitter_cfg.c **** 		CY_SET_REG32((void *)(CYDEV_UDB_PA2_BASE), 0x00990000u);
 373              		.loc 1 585 0
ARM GAS  C:\Users\HP\AppData\Local\Temp\cckbLdqd.s 			page 18


 374 00ac 214A     		ldr	r2, .L21+28
 375 00ae 1360     		str	r3, [r2]
 586:Generated_Source\PSoC4/cyfitter_cfg.c **** 
 587:Generated_Source\PSoC4/cyfitter_cfg.c **** 		/* UDB_PA_3 Starting address: CYDEV_UDB_PA3_BASE */
 588:Generated_Source\PSoC4/cyfitter_cfg.c **** 		CY_SET_REG32((void *)(CYDEV_UDB_PA3_BASE), 0x00990000u);
 376              		.loc 1 588 0
 377 00b0 214A     		ldr	r2, .L21+32
 378 00b2 1360     		str	r3, [r2]
 589:Generated_Source\PSoC4/cyfitter_cfg.c **** 		CY_SET_REG32((void *)(CYREG_UDB_PA3_CFG8), 0x00010000u);
 379              		.loc 1 589 0
 380 00b4 8022     		movs	r2, #128
 381 00b6 5202     		lsls	r2, r2, #9
 382 00b8 204B     		ldr	r3, .L21+36
 383 00ba 1A60     		str	r2, [r3]
 590:Generated_Source\PSoC4/cyfitter_cfg.c **** 
 591:Generated_Source\PSoC4/cyfitter_cfg.c **** 		/* INT_SELECT Starting address: CYDEV_CPUSS_INTR_SELECT */
 592:Generated_Source\PSoC4/cyfitter_cfg.c **** 		CY_SET_REG32((void *)(CYREG_CPUSS_INTR_SELECT), 0x0000007Du);
 384              		.loc 1 592 0
 385 00bc 7D22     		movs	r2, #125
 386 00be 204B     		ldr	r3, .L21+40
 387 00c0 1A60     		str	r2, [r3]
 593:Generated_Source\PSoC4/cyfitter_cfg.c **** 
 594:Generated_Source\PSoC4/cyfitter_cfg.c **** 		/* INT_CONFIG Starting address: CYDEV_UDB_INT_CFG */
 595:Generated_Source\PSoC4/cyfitter_cfg.c **** 		CY_SET_REG32((void *)(CYREG_UDB_INT_CFG), 0x0000007Eu);
 388              		.loc 1 595 0
 389 00c2 0132     		adds	r2, r2, #1
 390 00c4 1F4B     		ldr	r3, .L21+44
 391 00c6 1A60     		str	r2, [r3]
 596:Generated_Source\PSoC4/cyfitter_cfg.c **** 
 597:Generated_Source\PSoC4/cyfitter_cfg.c **** 		/* Enable UDB array and digital routing */
 598:Generated_Source\PSoC4/cyfitter_cfg.c **** 		CY_SET_XTND_REG8((void *)CYREG_UDB_UDBIF_WAIT_CFG, (uint8)((CY_GET_XTND_REG8((void *)CYREG_UDB_UD
 392              		.loc 1 598 0
 393 00c8 1F49     		ldr	r1, .L21+48
 394 00ca 0B78     		ldrb	r3, [r1]
 395 00cc 423A     		subs	r2, r2, #66
 396 00ce 9343     		bics	r3, r2
 397 00d0 1422     		movs	r2, #20
 398 00d2 1343     		orrs	r3, r2
 399 00d4 DBB2     		uxtb	r3, r3
 400 00d6 0B70     		strb	r3, [r1]
 599:Generated_Source\PSoC4/cyfitter_cfg.c **** 		CY_SET_XTND_REG8((void *)CYREG_UDB_UDBIF_BANK_CTL, (uint8)(CY_GET_XTND_REG8((void *)CYREG_UDB_UDB
 401              		.loc 1 599 0
 402 00d8 1C4A     		ldr	r2, .L21+52
 403 00da 1178     		ldrb	r1, [r2]
 404 00dc 1623     		movs	r3, #22
 405 00de 0B43     		orrs	r3, r1
 406 00e0 DBB2     		uxtb	r3, r3
 407 00e2 1370     		strb	r3, [r2]
 408              	.LBE3:
 600:Generated_Source\PSoC4/cyfitter_cfg.c **** 	}
 601:Generated_Source\PSoC4/cyfitter_cfg.c **** 
 602:Generated_Source\PSoC4/cyfitter_cfg.c **** 	/* Perform second pass device configuration. These items must be configured in specific order afte
 603:Generated_Source\PSoC4/cyfitter_cfg.c **** 	/* IOPINS0_0 Starting address: CYDEV_PRT0_BASE */
 604:Generated_Source\PSoC4/cyfitter_cfg.c **** 	CY_SET_REG32((void *)(CYDEV_PRT0_BASE), 0x00000080u);
 409              		.loc 1 604 0
 410 00e4 8022     		movs	r2, #128
 411 00e6 1A4B     		ldr	r3, .L21+56
ARM GAS  C:\Users\HP\AppData\Local\Temp\cckbLdqd.s 			page 19


 412 00e8 1A60     		str	r2, [r3]
 605:Generated_Source\PSoC4/cyfitter_cfg.c **** 	CY_SET_REG32((void *)(CYREG_PRT0_PC), 0x00400182u);
 413              		.loc 1 605 0
 414 00ea 1A4A     		ldr	r2, .L21+60
 415 00ec 1A4B     		ldr	r3, .L21+64
 416 00ee 1A60     		str	r2, [r3]
 606:Generated_Source\PSoC4/cyfitter_cfg.c **** 
 607:Generated_Source\PSoC4/cyfitter_cfg.c **** 	/* IOPINS0_1 Starting address: CYDEV_PRT1_BASE */
 608:Generated_Source\PSoC4/cyfitter_cfg.c **** 	CY_SET_REG32((void *)(CYREG_PRT1_PC), 0x00000006u);
 417              		.loc 1 608 0
 418 00f0 0622     		movs	r2, #6
 419 00f2 1A4B     		ldr	r3, .L21+68
 420 00f4 1A60     		str	r2, [r3]
 609:Generated_Source\PSoC4/cyfitter_cfg.c **** 
 610:Generated_Source\PSoC4/cyfitter_cfg.c **** 	/* IOPINS0_2 Starting address: CYDEV_PRT2_BASE */
 611:Generated_Source\PSoC4/cyfitter_cfg.c **** 	CY_SET_REG32((void *)(CYREG_PRT2_PC), 0x00DB6DB6u);
 421              		.loc 1 611 0
 422 00f6 1A4A     		ldr	r2, .L21+72
 423 00f8 1A4B     		ldr	r3, .L21+76
 424 00fa 1A60     		str	r2, [r3]
 612:Generated_Source\PSoC4/cyfitter_cfg.c **** 
 613:Generated_Source\PSoC4/cyfitter_cfg.c **** 	/* IOPINS0_3 Starting address: CYDEV_PRT3_BASE */
 614:Generated_Source\PSoC4/cyfitter_cfg.c **** 	CY_SET_REG32((void *)(CYDEV_PRT3_BASE), 0x00000001u);
 425              		.loc 1 614 0
 426 00fc 0123     		movs	r3, #1
 427 00fe 1A4A     		ldr	r2, .L21+80
 428 0100 1360     		str	r3, [r2]
 615:Generated_Source\PSoC4/cyfitter_cfg.c **** 	CY_SET_REG32((void *)(CYREG_PRT3_PC), 0x001B6D80u);
 429              		.loc 1 615 0
 430 0102 1A49     		ldr	r1, .L21+84
 431 0104 1A4A     		ldr	r2, .L21+88
 432 0106 1160     		str	r1, [r2]
 616:Generated_Source\PSoC4/cyfitter_cfg.c **** 	CY_SET_REG32((void *)(CYREG_PRT3_PC2), 0x00000001u);
 433              		.loc 1 616 0
 434 0108 1A4A     		ldr	r2, .L21+92
 435 010a 1360     		str	r3, [r2]
 617:Generated_Source\PSoC4/cyfitter_cfg.c **** 
 618:Generated_Source\PSoC4/cyfitter_cfg.c **** 
 619:Generated_Source\PSoC4/cyfitter_cfg.c **** 	/* Setup clocks based on selections from Clock DWR */
 620:Generated_Source\PSoC4/cyfitter_cfg.c **** 	ClockSetup();
 436              		.loc 1 620 0
 437 010c FFF778FF 		bl	ClockSetup
 438              	.LVL34:
 621:Generated_Source\PSoC4/cyfitter_cfg.c **** 
 622:Generated_Source\PSoC4/cyfitter_cfg.c **** 	/* Perform basic analog initialization to defaults */
 623:Generated_Source\PSoC4/cyfitter_cfg.c **** 	AnalogSetDefault();
 439              		.loc 1 623 0
 440 0110 FFF7FEFF 		bl	AnalogSetDefault
 441              	.LVL35:
 624:Generated_Source\PSoC4/cyfitter_cfg.c **** 
 625:Generated_Source\PSoC4/cyfitter_cfg.c **** }
 442              		.loc 1 625 0
 443              		@ sp needed
 444              	.LVL36:
 445 0114 10BD     		pop	{r4, pc}
 446              	.L22:
 447 0116 C046     		.align	2
ARM GAS  C:\Users\HP\AppData\Local\Temp\cckbLdqd.s 			page 20


 448              	.L21:
 449 0118 1C700F40 		.word	1074753564
 450 011c 00000000 		.word	.LANCHOR0
 451 0120 80010000 		.word	.LANCHOR1
 452 0124 06EE0000 		.word	60934
 453 0128 0C000140 		.word	1073807372
 454 012c 00500F40 		.word	1074745344
 455 0130 10500F40 		.word	1074745360
 456 0134 20500F40 		.word	1074745376
 457 0138 30500F40 		.word	1074745392
 458 013c 38500F40 		.word	1074745400
 459 0140 20000040 		.word	1073741856
 460 0144 00800F40 		.word	1074757632
 461 0148 01700F40 		.word	1074753537
 462 014c 00700F40 		.word	1074753536
 463 0150 00000440 		.word	1074003968
 464 0154 82014000 		.word	4194690
 465 0158 08000440 		.word	1074003976
 466 015c 08010440 		.word	1074004232
 467 0160 B66DDB00 		.word	14380470
 468 0164 08020440 		.word	1074004488
 469 0168 00030440 		.word	1074004736
 470 016c 806D1B00 		.word	1797504
 471 0170 08030440 		.word	1074004744
 472 0174 18030440 		.word	1074004760
 473              		.cfi_endproc
 474              	.LFE7:
 475              		.size	cyfitter_cfg, .-cyfitter_cfg
 476              		.section	.rodata
 477              		.align	2
 478              		.set	.LANCHOR0,. + 0
 479              		.set	.LANCHOR1,. + 384
 480              		.type	cfg_memset_list.4876, %object
 481              		.size	cfg_memset_list.4876, 12
 482              	cfg_memset_list.4876:
 483 0000 00300F40 		.word	1074737152
 484 0004 0004     		.short	1024
 485 0006 00400F40 		.4byte	1074741248
 486 000a 0004     		.short	1024
 487              		.type	cy_cfg_data_table.4871, %object
 488              		.size	cy_cfg_data_table.4871, 410
 489              	cy_cfg_data_table.4871:
 490 000c 81       		.byte	-127
 491 000d 0D       		.byte	13
 492 000e 83       		.byte	-125
 493 000f 0D       		.byte	13
 494 0010 40       		.byte	64
 495 0011 54       		.byte	84
 496 0012 49       		.byte	73
 497 0013 FF       		.byte	-1
 498 0014 4A       		.byte	74
 499 0015 FF       		.byte	-1
 500 0016 4B       		.byte	75
 501 0017 FF       		.byte	-1
 502 0018 4F       		.byte	79
 503 0019 01       		.byte	1
 504 001a 50       		.byte	80
ARM GAS  C:\Users\HP\AppData\Local\Temp\cckbLdqd.s 			page 21


 505 001b 18       		.byte	24
 506 001c 52       		.byte	82
 507 001d 80       		.byte	-128
 508 001e 5A       		.byte	90
 509 001f 0A       		.byte	10
 510 0020 5B       		.byte	91
 511 0021 0B       		.byte	11
 512 0022 5D       		.byte	93
 513 0023 99       		.byte	-103
 514 0024 5F       		.byte	95
 515 0025 01       		.byte	1
 516 0026 60       		.byte	96
 517 0027 40       		.byte	64
 518 0028 62       		.byte	98
 519 0029 40       		.byte	64
 520 002a 64       		.byte	100
 521 002b 40       		.byte	64
 522 002c 65       		.byte	101
 523 002d 40       		.byte	64
 524 002e 66       		.byte	102
 525 002f 80       		.byte	-128
 526 0030 68       		.byte	104
 527 0031 80       		.byte	-128
 528 0032 6A       		.byte	106
 529 0033 80       		.byte	-128
 530 0034 6C       		.byte	108
 531 0035 80       		.byte	-128
 532 0036 6E       		.byte	110
 533 0037 80       		.byte	-128
 534 0038 82       		.byte	-126
 535 0039 01       		.byte	1
 536 003a 92       		.byte	-110
 537 003b 01       		.byte	1
 538 003c B0       		.byte	-80
 539 003d 01       		.byte	1
 540 003e B4       		.byte	-76
 541 003f 01       		.byte	1
 542 0040 BE       		.byte	-66
 543 0041 01       		.byte	1
 544 0042 C0       		.byte	-64
 545 0043 54       		.byte	84
 546 0044 C5       		.byte	-59
 547 0045 EC       		.byte	-20
 548 0046 C6       		.byte	-58
 549 0047 02       		.byte	2
 550 0048 C8       		.byte	-56
 551 0049 07       		.byte	7
 552 004a C9       		.byte	-55
 553 004b FF       		.byte	-1
 554 004c CA       		.byte	-54
 555 004d FF       		.byte	-1
 556 004e CB       		.byte	-53
 557 004f FF       		.byte	-1
 558 0050 CD       		.byte	-51
 559 0051 83       		.byte	-125
 560 0052 CE       		.byte	-50
 561 0053 03       		.byte	3
ARM GAS  C:\Users\HP\AppData\Local\Temp\cckbLdqd.s 			page 22


 562 0054 CF       		.byte	-49
 563 0055 01       		.byte	1
 564 0056 D0       		.byte	-48
 565 0057 18       		.byte	24
 566 0058 D4       		.byte	-44
 567 0059 01       		.byte	1
 568 005a D8       		.byte	-40
 569 005b 09       		.byte	9
 570 005c DA       		.byte	-38
 571 005d 09       		.byte	9
 572 005e DB       		.byte	-37
 573 005f 09       		.byte	9
 574 0060 DC       		.byte	-36
 575 0061 09       		.byte	9
 576 0062 DD       		.byte	-35
 577 0063 99       		.byte	-103
 578 0064 DF       		.byte	-33
 579 0065 01       		.byte	1
 580 0066 E0       		.byte	-32
 581 0067 40       		.byte	64
 582 0068 E2       		.byte	-30
 583 0069 40       		.byte	64
 584 006a E4       		.byte	-28
 585 006b 40       		.byte	64
 586 006c E5       		.byte	-27
 587 006d 40       		.byte	64
 588 006e E6       		.byte	-26
 589 006f 80       		.byte	-128
 590 0070 E8       		.byte	-24
 591 0071 80       		.byte	-128
 592 0072 EA       		.byte	-22
 593 0073 80       		.byte	-128
 594 0074 EC       		.byte	-20
 595 0075 80       		.byte	-128
 596 0076 EE       		.byte	-18
 597 0077 80       		.byte	-128
 598 0078 06       		.byte	6
 599 0079 80       		.byte	-128
 600 007a 0C       		.byte	12
 601 007b 02       		.byte	2
 602 007c 1E       		.byte	30
 603 007d 40       		.byte	64
 604 007e 1F       		.byte	31
 605 007f 20       		.byte	32
 606 0080 42       		.byte	66
 607 0081 80       		.byte	-128
 608 0082 46       		.byte	70
 609 0083 80       		.byte	-128
 610 0084 48       		.byte	72
 611 0085 02       		.byte	2
 612 0086 4C       		.byte	76
 613 0087 02       		.byte	2
 614 0088 4D       		.byte	77
 615 0089 04       		.byte	4
 616 008a 4F       		.byte	79
 617 008b 01       		.byte	1
 618 008c 56       		.byte	86
ARM GAS  C:\Users\HP\AppData\Local\Temp\cckbLdqd.s 			page 23


 619 008d 80       		.byte	-128
 620 008e 5D       		.byte	93
 621 008f 04       		.byte	4
 622 0090 5E       		.byte	94
 623 0091 40       		.byte	64
 624 0092 5F       		.byte	95
 625 0093 01       		.byte	1
 626 0094 70       		.byte	112
 627 0095 02       		.byte	2
 628 0096 78       		.byte	120
 629 0097 05       		.byte	5
 630 0098 7F       		.byte	127
 631 0099 04       		.byte	4
 632 009a 83       		.byte	-125
 633 009b 20       		.byte	32
 634 009c C0       		.byte	-64
 635 009d 10       		.byte	16
 636 009e C2       		.byte	-62
 637 009f 10       		.byte	16
 638 00a0 D0       		.byte	-48
 639 00a1 81       		.byte	-127
 640 00a2 D2       		.byte	-46
 641 00a3 18       		.byte	24
 642 00a4 D6       		.byte	-42
 643 00a5 D0       		.byte	-48
 644 00a6 DE       		.byte	-34
 645 00a7 23       		.byte	35
 646 00a8 E2       		.byte	-30
 647 00a9 01       		.byte	1
 648 00aa 40       		.byte	64
 649 00ab 45       		.byte	69
 650 00ac 49       		.byte	73
 651 00ad FF       		.byte	-1
 652 00ae 4A       		.byte	74
 653 00af FF       		.byte	-1
 654 00b0 4B       		.byte	75
 655 00b1 FF       		.byte	-1
 656 00b2 4F       		.byte	79
 657 00b3 01       		.byte	1
 658 00b4 50       		.byte	80
 659 00b5 18       		.byte	24
 660 00b6 52       		.byte	82
 661 00b7 80       		.byte	-128
 662 00b8 56       		.byte	86
 663 00b9 08       		.byte	8
 664 00ba 5A       		.byte	90
 665 00bb 04       		.byte	4
 666 00bc 5B       		.byte	91
 667 00bd 04       		.byte	4
 668 00be 5D       		.byte	93
 669 00bf 99       		.byte	-103
 670 00c0 5F       		.byte	95
 671 00c1 01       		.byte	1
 672 00c2 60       		.byte	96
 673 00c3 40       		.byte	64
 674 00c4 62       		.byte	98
 675 00c5 40       		.byte	64
ARM GAS  C:\Users\HP\AppData\Local\Temp\cckbLdqd.s 			page 24


 676 00c6 64       		.byte	100
 677 00c7 40       		.byte	64
 678 00c8 65       		.byte	101
 679 00c9 40       		.byte	64
 680 00ca 66       		.byte	102
 681 00cb 80       		.byte	-128
 682 00cc 68       		.byte	104
 683 00cd 80       		.byte	-128
 684 00ce 6A       		.byte	106
 685 00cf 80       		.byte	-128
 686 00d0 6C       		.byte	108
 687 00d1 80       		.byte	-128
 688 00d2 6E       		.byte	110
 689 00d3 80       		.byte	-128
 690 00d4 82       		.byte	-126
 691 00d5 01       		.byte	1
 692 00d6 8E       		.byte	-114
 693 00d7 01       		.byte	1
 694 00d8 B0       		.byte	-80
 695 00d9 01       		.byte	1
 696 00da B2       		.byte	-78
 697 00db 01       		.byte	1
 698 00dc B8       		.byte	-72
 699 00dd 20       		.byte	32
 700 00de BE       		.byte	-66
 701 00df 11       		.byte	17
 702 00e0 C0       		.byte	-64
 703 00e1 14       		.byte	20
 704 00e2 C5       		.byte	-59
 705 00e3 EC       		.byte	-20
 706 00e4 C7       		.byte	-57
 707 00e5 20       		.byte	32
 708 00e6 C8       		.byte	-56
 709 00e7 23       		.byte	35
 710 00e8 C9       		.byte	-55
 711 00e9 FF       		.byte	-1
 712 00ea CA       		.byte	-54
 713 00eb FF       		.byte	-1
 714 00ec CB       		.byte	-53
 715 00ed FF       		.byte	-1
 716 00ee CD       		.byte	-51
 717 00ef 83       		.byte	-125
 718 00f0 CE       		.byte	-50
 719 00f1 03       		.byte	3
 720 00f2 CF       		.byte	-49
 721 00f3 01       		.byte	1
 722 00f4 D0       		.byte	-48
 723 00f5 18       		.byte	24
 724 00f6 D4       		.byte	-44
 725 00f7 01       		.byte	1
 726 00f8 D8       		.byte	-40
 727 00f9 04       		.byte	4
 728 00fa DA       		.byte	-38
 729 00fb 04       		.byte	4
 730 00fc DB       		.byte	-37
 731 00fd 04       		.byte	4
 732 00fe DC       		.byte	-36
ARM GAS  C:\Users\HP\AppData\Local\Temp\cckbLdqd.s 			page 25


 733 00ff 09       		.byte	9
 734 0100 DD       		.byte	-35
 735 0101 99       		.byte	-103
 736 0102 DF       		.byte	-33
 737 0103 01       		.byte	1
 738 0104 E0       		.byte	-32
 739 0105 40       		.byte	64
 740 0106 E2       		.byte	-30
 741 0107 40       		.byte	64
 742 0108 E4       		.byte	-28
 743 0109 40       		.byte	64
 744 010a E5       		.byte	-27
 745 010b 40       		.byte	64
 746 010c E6       		.byte	-26
 747 010d 80       		.byte	-128
 748 010e E8       		.byte	-24
 749 010f 80       		.byte	-128
 750 0110 EA       		.byte	-22
 751 0111 80       		.byte	-128
 752 0112 EC       		.byte	-20
 753 0113 80       		.byte	-128
 754 0114 EE       		.byte	-18
 755 0115 80       		.byte	-128
 756 0116 02       		.byte	2
 757 0117 02       		.byte	2
 758 0118 03       		.byte	3
 759 0119 40       		.byte	64
 760 011a 18       		.byte	24
 761 011b 04       		.byte	4
 762 011c 1A       		.byte	26
 763 011d 60       		.byte	96
 764 011e 28       		.byte	40
 765 011f 08       		.byte	8
 766 0120 29       		.byte	41
 767 0121 20       		.byte	32
 768 0122 41       		.byte	65
 769 0123 01       		.byte	1
 770 0124 43       		.byte	67
 771 0125 40       		.byte	64
 772 0126 46       		.byte	70
 773 0127 80       		.byte	-128
 774 0128 49       		.byte	73
 775 0129 05       		.byte	5
 776 012a 4E       		.byte	78
 777 012b 02       		.byte	2
 778 012c 51       		.byte	81
 779 012d 01       		.byte	1
 780 012e 52       		.byte	82
 781 012f 02       		.byte	2
 782 0130 59       		.byte	89
 783 0131 05       		.byte	5
 784 0132 5A       		.byte	90
 785 0133 40       		.byte	64
 786 0134 5C       		.byte	92
 787 0135 40       		.byte	64
 788 0136 5D       		.byte	93
 789 0137 20       		.byte	32
ARM GAS  C:\Users\HP\AppData\Local\Temp\cckbLdqd.s 			page 26


 790 0138 64       		.byte	100
 791 0139 05       		.byte	5
 792 013a 67       		.byte	103
 793 013b 08       		.byte	8
 794 013c 76       		.byte	118
 795 013d 80       		.byte	-128
 796 013e 77       		.byte	119
 797 013f 40       		.byte	64
 798 0140 8C       		.byte	-116
 799 0141 4C       		.byte	76
 800 0142 96       		.byte	-106
 801 0143 20       		.byte	32
 802 0144 97       		.byte	-105
 803 0145 08       		.byte	8
 804 0146 9C       		.byte	-100
 805 0147 05       		.byte	5
 806 0148 AA       		.byte	-86
 807 0149 10       		.byte	16
 808 014a C0       		.byte	-64
 809 014b 09       		.byte	9
 810 014c D0       		.byte	-48
 811 014d 89       		.byte	-119
 812 014e D2       		.byte	-46
 813 014f 10       		.byte	16
 814 0150 D6       		.byte	-42
 815 0151 3B       		.byte	59
 816 0152 D8       		.byte	-40
 817 0153 30       		.byte	48
 818 0154 E0       		.byte	-32
 819 0155 40       		.byte	64
 820 0156 E2       		.byte	-30
 821 0157 10       		.byte	16
 822 0158 02       		.byte	2
 823 0159 10       		.byte	16
 824 015a 0F       		.byte	15
 825 015b 02       		.byte	2
 826 015c 18       		.byte	24
 827 015d 02       		.byte	2
 828 015e 6C       		.byte	108
 829 015f 04       		.byte	4
 830 0160 73       		.byte	115
 831 0161 01       		.byte	1
 832 0162 75       		.byte	117
 833 0163 10       		.byte	16
 834 0164 76       		.byte	118
 835 0165 10       		.byte	16
 836 0166 7B       		.byte	123
 837 0167 81       		.byte	-127
 838 0168 83       		.byte	-125
 839 0169 81       		.byte	-127
 840 016a C0       		.byte	-64
 841 016b 10       		.byte	16
 842 016c C2       		.byte	-62
 843 016d 80       		.byte	-128
 844 016e C6       		.byte	-58
 845 016f 40       		.byte	64
 846 0170 DA       		.byte	-38
ARM GAS  C:\Users\HP\AppData\Local\Temp\cckbLdqd.s 			page 27


 847 0171 80       		.byte	-128
 848 0172 DC       		.byte	-36
 849 0173 E0       		.byte	-32
 850 0174 DE       		.byte	-34
 851 0175 60       		.byte	96
 852 0176 E2       		.byte	-30
 853 0177 80       		.byte	-128
 854 0178 E6       		.byte	-26
 855 0179 20       		.byte	32
 856 017a 8C       		.byte	-116
 857 017b 05       		.byte	5
 858 017c 90       		.byte	-112
 859 017d 02       		.byte	2
 860 017e 94       		.byte	-108
 861 017f 08       		.byte	8
 862 0180 A9       		.byte	-87
 863 0181 10       		.byte	16
 864 0182 EE       		.byte	-18
 865 0183 20       		.byte	32
 866 0184 0F       		.byte	15
 867 0185 01       		.byte	1
 868 0186 77       		.byte	119
 869 0187 08       		.byte	8
 870 0188 83       		.byte	-125
 871 0189 01       		.byte	1
 872 018a C2       		.byte	-62
 873 018b 01       		.byte	1
 874 018c DC       		.byte	-36
 875 018d 02       		.byte	2
 876 018e 08       		.byte	8
 877 018f 80       		.byte	-128
 878 0190 56       		.byte	86
 879 0191 20       		.byte	32
 880 0192 8C       		.byte	-116
 881 0193 80       		.byte	-128
 882 0194 8E       		.byte	-114
 883 0195 20       		.byte	32
 884 0196 8F       		.byte	-113
 885 0197 08       		.byte	8
 886 0198 9F       		.byte	-97
 887 0199 08       		.byte	8
 888 019a C2       		.byte	-62
 889 019b 02       		.byte	2
 890 019c D4       		.byte	-44
 891 019d 02       		.byte	2
 892 019e E2       		.byte	-30
 893 019f 08       		.byte	8
 894 01a0 E4       		.byte	-28
 895 01a1 02       		.byte	2
 896 01a2 02       		.byte	2
 897 01a3 01       		.byte	1
 898 01a4 11       		.byte	17
 899 01a5 01       		.byte	1
 900 01a6 0000     		.space	2
 901              		.type	cy_cfg_addr_table.4870, %object
 902              		.size	cy_cfg_addr_table.4870, 40
 903              	cy_cfg_addr_table.4870:
ARM GAS  C:\Users\HP\AppData\Local\Temp\cckbLdqd.s 			page 28


 904 01a8 02000F40 		.word	1074724866
 905 01ac 34300F40 		.word	1074737204
 906 01b0 19310F40 		.word	1074737433
 907 01b4 36320F40 		.word	1074737718
 908 01b8 21330F40 		.word	1074737953
 909 01bc 11400F40 		.word	1074741265
 910 01c0 05410F40 		.word	1074741509
 911 01c4 05420F40 		.word	1074741765
 912 01c8 0A430F40 		.word	1074742026
 913 01cc 02600F40 		.word	1074749442
 914              		.text
 915              	.Letext0:
 916              		.file 2 "c:\\program files (x86)\\cypress\\psoc creator\\4.4\\psoc creator\\import\\gnu\\arm\\5.4.
 917              		.file 3 "Generated_Source\\PSoC4\\cytypes.h"
 918              		.file 4 "Generated_Source\\PSoC4\\CyLib.h"
 919              		.section	.debug_info,"",%progbits
 920              	.Ldebug_info0:
 921 0000 00040000 		.4byte	0x400
 922 0004 0400     		.2byte	0x4
 923 0006 00000000 		.4byte	.Ldebug_abbrev0
 924 000a 04       		.byte	0x4
 925 000b 01       		.uleb128 0x1
 926 000c A6010000 		.4byte	.LASF44
 927 0010 0C       		.byte	0xc
 928 0011 DB020000 		.4byte	.LASF45
 929 0015 9A000000 		.4byte	.LASF46
 930 0019 00000000 		.4byte	.Ldebug_ranges0+0
 931 001d 00000000 		.4byte	0
 932 0021 00000000 		.4byte	.Ldebug_line0
 933 0025 02       		.uleb128 0x2
 934 0026 04       		.byte	0x4
 935 0027 05       		.byte	0x5
 936 0028 696E7400 		.ascii	"int\000"
 937 002c 03       		.uleb128 0x3
 938 002d 06000000 		.4byte	.LASF12
 939 0031 02       		.byte	0x2
 940 0032 D8       		.byte	0xd8
 941 0033 37000000 		.4byte	0x37
 942 0037 04       		.uleb128 0x4
 943 0038 04       		.byte	0x4
 944 0039 07       		.byte	0x7
 945 003a 6D010000 		.4byte	.LASF0
 946 003e 04       		.uleb128 0x4
 947 003f 08       		.byte	0x8
 948 0040 05       		.byte	0x5
 949 0041 66020000 		.4byte	.LASF1
 950 0045 04       		.uleb128 0x4
 951 0046 08       		.byte	0x8
 952 0047 04       		.byte	0x4
 953 0048 C3020000 		.4byte	.LASF2
 954 004c 04       		.uleb128 0x4
 955 004d 01       		.byte	0x1
 956 004e 06       		.byte	0x6
 957 004f CF020000 		.4byte	.LASF3
 958 0053 04       		.uleb128 0x4
 959 0054 01       		.byte	0x1
 960 0055 08       		.byte	0x8
ARM GAS  C:\Users\HP\AppData\Local\Temp\cckbLdqd.s 			page 29


 961 0056 0F010000 		.4byte	.LASF4
 962 005a 04       		.uleb128 0x4
 963 005b 02       		.byte	0x2
 964 005c 05       		.byte	0x5
 965 005d 9B020000 		.4byte	.LASF5
 966 0061 04       		.uleb128 0x4
 967 0062 02       		.byte	0x2
 968 0063 07       		.byte	0x7
 969 0064 53020000 		.4byte	.LASF6
 970 0068 04       		.uleb128 0x4
 971 0069 04       		.byte	0x4
 972 006a 05       		.byte	0x5
 973 006b BA020000 		.4byte	.LASF7
 974 006f 04       		.uleb128 0x4
 975 0070 04       		.byte	0x4
 976 0071 07       		.byte	0x7
 977 0072 88000000 		.4byte	.LASF8
 978 0076 04       		.uleb128 0x4
 979 0077 08       		.byte	0x8
 980 0078 07       		.byte	0x7
 981 0079 8F010000 		.4byte	.LASF9
 982 007d 04       		.uleb128 0x4
 983 007e 04       		.byte	0x4
 984 007f 07       		.byte	0x7
 985 0080 4A020000 		.4byte	.LASF10
 986 0084 05       		.uleb128 0x5
 987 0085 04       		.byte	0x4
 988 0086 04       		.uleb128 0x4
 989 0087 01       		.byte	0x1
 990 0088 08       		.byte	0x8
 991 0089 74020000 		.4byte	.LASF11
 992 008d 06       		.uleb128 0x6
 993 008e E9000000 		.4byte	.LASF13
 994 0092 03       		.byte	0x3
 995 0093 FC01     		.2byte	0x1fc
 996 0095 53000000 		.4byte	0x53
 997 0099 06       		.uleb128 0x6
 998 009a 54010000 		.4byte	.LASF14
 999 009e 03       		.byte	0x3
 1000 009f FD01     		.2byte	0x1fd
 1001 00a1 61000000 		.4byte	0x61
 1002 00a5 06       		.uleb128 0x6
 1003 00a6 66010000 		.4byte	.LASF15
 1004 00aa 03       		.byte	0x3
 1005 00ab FE01     		.2byte	0x1fe
 1006 00ad 6F000000 		.4byte	0x6f
 1007 00b1 04       		.uleb128 0x4
 1008 00b2 04       		.byte	0x4
 1009 00b3 04       		.byte	0x4
 1010 00b4 68000000 		.4byte	.LASF16
 1011 00b8 04       		.uleb128 0x4
 1012 00b9 08       		.byte	0x8
 1013 00ba 04       		.byte	0x4
 1014 00bb 24010000 		.4byte	.LASF17
 1015 00bf 06       		.uleb128 0x6
 1016 00c0 83000000 		.4byte	.LASF18
 1017 00c4 03       		.byte	0x3
ARM GAS  C:\Users\HP\AppData\Local\Temp\cckbLdqd.s 			page 30


 1018 00c5 A602     		.2byte	0x2a6
 1019 00c7 CB000000 		.4byte	0xcb
 1020 00cb 07       		.uleb128 0x7
 1021 00cc 8D000000 		.4byte	0x8d
 1022 00d0 06       		.uleb128 0x6
 1023 00d1 00000000 		.4byte	.LASF19
 1024 00d5 03       		.byte	0x3
 1025 00d6 A802     		.2byte	0x2a8
 1026 00d8 DC000000 		.4byte	0xdc
 1027 00dc 07       		.uleb128 0x7
 1028 00dd A5000000 		.4byte	0xa5
 1029 00e1 08       		.uleb128 0x8
 1030 00e2 02       		.byte	0x2
 1031 00e3 01       		.byte	0x1
 1032 00e4 97       		.byte	0x97
 1033 00e5 02010000 		.4byte	0x102
 1034 00e9 09       		.uleb128 0x9
 1035 00ea 8C020000 		.4byte	.LASF20
 1036 00ee 01       		.byte	0x1
 1037 00ef 99       		.byte	0x99
 1038 00f0 8D000000 		.4byte	0x8d
 1039 00f4 00       		.byte	0
 1040 00f5 09       		.uleb128 0x9
 1041 00f6 2D000000 		.4byte	.LASF21
 1042 00fa 01       		.byte	0x1
 1043 00fb 9A       		.byte	0x9a
 1044 00fc 8D000000 		.4byte	0x8d
 1045 0100 01       		.byte	0x1
 1046 0101 00       		.byte	0
 1047 0102 03       		.uleb128 0x3
 1048 0103 79020000 		.4byte	.LASF22
 1049 0107 01       		.byte	0x1
 1050 0108 9B       		.byte	0x9b
 1051 0109 E1000000 		.4byte	0xe1
 1052 010d 0A       		.uleb128 0xa
 1053 010e 2B010000 		.4byte	.LASF27
 1054 0112 01       		.byte	0x1
 1055 0113 AE       		.byte	0xae
 1056 0114 00000000 		.4byte	.LFB3
 1057 0118 32000000 		.4byte	.LFE3-.LFB3
 1058 011c 01       		.uleb128 0x1
 1059 011d 9C       		.byte	0x9c
 1060 011e 7F010000 		.4byte	0x17f
 1061 0122 0B       		.uleb128 0xb
 1062 0123 49010000 		.4byte	.LASF23
 1063 0127 01       		.byte	0x1
 1064 0128 AE       		.byte	0xae
 1065 0129 7F010000 		.4byte	0x17f
 1066 012d 01       		.uleb128 0x1
 1067 012e 50       		.byte	0x50
 1068 012f 0B       		.uleb128 0xb
 1069 0130 5B010000 		.4byte	.LASF24
 1070 0134 01       		.byte	0x1
 1071 0135 AE       		.byte	0xae
 1072 0136 8A010000 		.4byte	0x18a
 1073 013a 01       		.uleb128 0x1
 1074 013b 51       		.byte	0x51
ARM GAS  C:\Users\HP\AppData\Local\Temp\cckbLdqd.s 			page 31


 1075 013c 0C       		.uleb128 0xc
 1076 013d 6900     		.ascii	"i\000"
 1077 013f 01       		.byte	0x1
 1078 0140 B1       		.byte	0xb1
 1079 0141 A5000000 		.4byte	0xa5
 1080 0145 00000000 		.4byte	.LLST0
 1081 0149 0C       		.uleb128 0xc
 1082 014a 6A00     		.ascii	"j\000"
 1083 014c 01       		.byte	0x1
 1084 014d B1       		.byte	0xb1
 1085 014e A5000000 		.4byte	0xa5
 1086 0152 1F000000 		.4byte	.LLST1
 1087 0156 0D       		.uleb128 0xd
 1088 0157 08000000 		.4byte	.LBB2
 1089 015b 22000000 		.4byte	.LBE2-.LBB2
 1090 015f 0E       		.uleb128 0xe
 1091 0160 41020000 		.4byte	.LASF25
 1092 0164 01       		.byte	0x1
 1093 0165 B4       		.byte	0xb4
 1094 0166 A5000000 		.4byte	0xa5
 1095 016a 3E000000 		.4byte	.LLST2
 1096 016e 0E       		.uleb128 0xe
 1097 016f 33000000 		.4byte	.LASF26
 1098 0173 01       		.byte	0x1
 1099 0174 B5       		.byte	0xb5
 1100 0175 8D000000 		.4byte	0x8d
 1101 0179 51000000 		.4byte	.LLST3
 1102 017d 00       		.byte	0
 1103 017e 00       		.byte	0
 1104 017f 0F       		.uleb128 0xf
 1105 0180 04       		.byte	0x4
 1106 0181 85010000 		.4byte	0x185
 1107 0185 10       		.uleb128 0x10
 1108 0186 A5000000 		.4byte	0xa5
 1109 018a 0F       		.uleb128 0xf
 1110 018b 04       		.byte	0x4
 1111 018c 90010000 		.4byte	0x190
 1112 0190 10       		.uleb128 0x10
 1113 0191 02010000 		.4byte	0x102
 1114 0195 0A       		.uleb128 0xa
 1115 0196 EF000000 		.4byte	.LASF28
 1116 019a 01       		.byte	0x1
 1117 019b 4C       		.byte	0x4c
 1118 019c 00000000 		.4byte	.LFB0
 1119 01a0 0C000000 		.4byte	.LFE0-.LFB0
 1120 01a4 01       		.uleb128 0x1
 1121 01a5 9C       		.byte	0x9c
 1122 01a6 E2010000 		.4byte	0x1e2
 1123 01aa 11       		.uleb128 0x11
 1124 01ab 7300     		.ascii	"s\000"
 1125 01ad 01       		.byte	0x1
 1126 01ae 4C       		.byte	0x4c
 1127 01af 84000000 		.4byte	0x84
 1128 01b3 6F000000 		.4byte	.LLST4
 1129 01b7 11       		.uleb128 0x11
 1130 01b8 6E00     		.ascii	"n\000"
 1131 01ba 01       		.byte	0x1
ARM GAS  C:\Users\HP\AppData\Local\Temp\cckbLdqd.s 			page 32


 1132 01bb 4C       		.byte	0x4c
 1133 01bc 2C000000 		.4byte	0x2c
 1134 01c0 90000000 		.4byte	.LLST5
 1135 01c4 12       		.uleb128 0x12
 1136 01c5 0A000000 		.4byte	.LVL14
 1137 01c9 D9030000 		.4byte	0x3d9
 1138 01cd 13       		.uleb128 0x13
 1139 01ce 01       		.uleb128 0x1
 1140 01cf 50       		.byte	0x50
 1141 01d0 03       		.uleb128 0x3
 1142 01d1 F3       		.byte	0xf3
 1143 01d2 01       		.uleb128 0x1
 1144 01d3 50       		.byte	0x50
 1145 01d4 13       		.uleb128 0x13
 1146 01d5 01       		.uleb128 0x1
 1147 01d6 51       		.byte	0x51
 1148 01d7 01       		.uleb128 0x1
 1149 01d8 30       		.byte	0x30
 1150 01d9 13       		.uleb128 0x13
 1151 01da 01       		.uleb128 0x1
 1152 01db 52       		.byte	0x52
 1153 01dc 03       		.uleb128 0x3
 1154 01dd F3       		.byte	0xf3
 1155 01de 01       		.uleb128 0x1
 1156 01df 51       		.byte	0x51
 1157 01e0 00       		.byte	0
 1158 01e1 00       		.byte	0
 1159 01e2 0A       		.uleb128 0xa
 1160 01e3 39000000 		.4byte	.LASF29
 1161 01e7 01       		.byte	0x1
 1162 01e8 D3       		.byte	0xd3
 1163 01e9 00000000 		.4byte	.LFB4
 1164 01ed 5C000000 		.4byte	.LFE4-.LFB4
 1165 01f1 01       		.uleb128 0x1
 1166 01f2 9C       		.byte	0x9c
 1167 01f3 2D020000 		.4byte	0x22d
 1168 01f7 14       		.uleb128 0x14
 1169 01f8 14000000 		.4byte	.LVL15
 1170 01fc E2030000 		.4byte	0x3e2
 1171 0200 0A020000 		.4byte	0x20a
 1172 0204 13       		.uleb128 0x13
 1173 0205 01       		.uleb128 0x1
 1174 0206 50       		.byte	0x50
 1175 0207 01       		.uleb128 0x1
 1176 0208 48       		.byte	0x48
 1177 0209 00       		.byte	0
 1178 020a 14       		.uleb128 0x14
 1179 020b 34000000 		.4byte	.LVL16
 1180 020f ED030000 		.4byte	0x3ed
 1181 0213 1D020000 		.4byte	0x21d
 1182 0217 13       		.uleb128 0x13
 1183 0218 01       		.uleb128 0x1
 1184 0219 50       		.byte	0x50
 1185 021a 01       		.uleb128 0x1
 1186 021b 39       		.byte	0x39
 1187 021c 00       		.byte	0
 1188 021d 12       		.uleb128 0x12
ARM GAS  C:\Users\HP\AppData\Local\Temp\cckbLdqd.s 			page 33


 1189 021e 3A000000 		.4byte	.LVL17
 1190 0222 F8030000 		.4byte	0x3f8
 1191 0226 13       		.uleb128 0x13
 1192 0227 01       		.uleb128 0x1
 1193 0228 50       		.byte	0x50
 1194 0229 01       		.uleb128 0x1
 1195 022a 39       		.byte	0x39
 1196 022b 00       		.byte	0
 1197 022c 00       		.byte	0
 1198 022d 15       		.uleb128 0x15
 1199 022e F9000000 		.4byte	.LASF33
 1200 0232 01       		.byte	0x1
 1201 0233 1601     		.2byte	0x116
 1202 0235 00000000 		.4byte	.LFB6
 1203 0239 40000000 		.4byte	.LFE6-.LFB6
 1204 023d 01       		.uleb128 0x1
 1205 023e 9C       		.byte	0x9c
 1206 023f 62020000 		.4byte	0x262
 1207 0243 16       		.uleb128 0x16
 1208 0244 93020000 		.4byte	.LASF30
 1209 0248 01       		.byte	0x1
 1210 0249 1601     		.2byte	0x116
 1211 024b 8D000000 		.4byte	0x8d
 1212 024f 01       		.uleb128 0x1
 1213 0250 50       		.byte	0x50
 1214 0251 17       		.uleb128 0x17
 1215 0252 01030000 		.4byte	.LASF31
 1216 0256 01       		.byte	0x1
 1217 0257 1801     		.2byte	0x118
 1218 0259 A5000000 		.4byte	0xa5
 1219 025d BC000000 		.4byte	.LLST6
 1220 0261 00       		.byte	0
 1221 0262 18       		.uleb128 0x18
 1222 0263 0D000000 		.4byte	.LASF32
 1223 0267 01       		.byte	0x1
 1224 0268 0001     		.2byte	0x100
 1225 026a 00000000 		.4byte	.LFB5
 1226 026e 0A000000 		.4byte	.LFE5-.LFB5
 1227 0272 01       		.uleb128 0x1
 1228 0273 9C       		.byte	0x9c
 1229 0274 88020000 		.4byte	0x288
 1230 0278 12       		.uleb128 0x12
 1231 0279 08000000 		.4byte	.LVL27
 1232 027d 2D020000 		.4byte	0x22d
 1233 0281 13       		.uleb128 0x13
 1234 0282 01       		.uleb128 0x1
 1235 0283 50       		.byte	0x50
 1236 0284 01       		.uleb128 0x1
 1237 0285 31       		.byte	0x31
 1238 0286 00       		.byte	0
 1239 0287 00       		.byte	0
 1240 0288 15       		.uleb128 0x15
 1241 0289 7A010000 		.4byte	.LASF34
 1242 028d 01       		.byte	0x1
 1243 028e 4201     		.2byte	0x142
 1244 0290 5C000000 		.4byte	.LFB7
 1245 0294 1C010000 		.4byte	.LFE7-.LFB7
ARM GAS  C:\Users\HP\AppData\Local\Temp\cckbLdqd.s 			page 34


 1246 0298 01       		.uleb128 0x1
 1247 0299 9C       		.byte	0x9c
 1248 029a AF030000 		.4byte	0x3af
 1249 029e 19       		.uleb128 0x19
 1250 029f 66000000 		.4byte	.LBB3
 1251 02a3 7E000000 		.4byte	.LBE3-.LBB3
 1252 02a7 9C030000 		.4byte	0x39c
 1253 02ab 1A       		.uleb128 0x1a
 1254 02ac 44000000 		.4byte	.LASF35
 1255 02b0 01       		.byte	0x1
 1256 02b1 4A01     		.2byte	0x14a
 1257 02b3 BF030000 		.4byte	0x3bf
 1258 02b7 05       		.uleb128 0x5
 1259 02b8 03       		.byte	0x3
 1260 02b9 A8010000 		.4byte	cy_cfg_addr_table.4870
 1261 02bd 1A       		.uleb128 0x1a
 1262 02be 56000000 		.4byte	.LASF36
 1263 02c2 01       		.byte	0x1
 1264 02c3 5701     		.2byte	0x157
 1265 02c5 D4030000 		.4byte	0x3d4
 1266 02c9 05       		.uleb128 0x5
 1267 02ca 03       		.byte	0x3
 1268 02cb 0C000000 		.4byte	cy_cfg_data_table.4871
 1269 02cf 1B       		.uleb128 0x1b
 1270 02d0 06       		.byte	0x6
 1271 02d1 01       		.byte	0x1
 1272 02d2 2902     		.2byte	0x229
 1273 02d4 F3020000 		.4byte	0x2f3
 1274 02d8 1C       		.uleb128 0x1c
 1275 02d9 87010000 		.4byte	.LASF37
 1276 02dd 01       		.byte	0x1
 1277 02de 2A02     		.2byte	0x22a
 1278 02e0 84000000 		.4byte	0x84
 1279 02e4 00       		.byte	0
 1280 02e5 1C       		.uleb128 0x1c
 1281 02e6 7E000000 		.4byte	.LASF38
 1282 02ea 01       		.byte	0x1
 1283 02eb 2B02     		.2byte	0x22b
 1284 02ed 99000000 		.4byte	0x99
 1285 02f1 04       		.byte	0x4
 1286 02f2 00       		.byte	0
 1287 02f3 06       		.uleb128 0x6
 1288 02f4 34020000 		.4byte	.LASF39
 1289 02f8 01       		.byte	0x1
 1290 02f9 2C02     		.2byte	0x22c
 1291 02fb CF020000 		.4byte	0x2cf
 1292 02ff 1D       		.uleb128 0x1d
 1293 0300 0F030000 		.4byte	0x30f
 1294 0304 0F030000 		.4byte	0x30f
 1295 0308 1E       		.uleb128 0x1e
 1296 0309 7D000000 		.4byte	0x7d
 1297 030d 01       		.byte	0x1
 1298 030e 00       		.byte	0
 1299 030f 10       		.uleb128 0x10
 1300 0310 F3020000 		.4byte	0x2f3
 1301 0314 1A       		.uleb128 0x1a
 1302 0315 6E000000 		.4byte	.LASF40
ARM GAS  C:\Users\HP\AppData\Local\Temp\cckbLdqd.s 			page 35


 1303 0319 01       		.byte	0x1
 1304 031a 2E02     		.2byte	0x22e
 1305 031c 26030000 		.4byte	0x326
 1306 0320 05       		.uleb128 0x5
 1307 0321 03       		.byte	0x3
 1308 0322 00000000 		.4byte	cfg_memset_list.4876
 1309 0326 10       		.uleb128 0x10
 1310 0327 FF020000 		.4byte	0x2ff
 1311 032b 1F       		.uleb128 0x1f
 1312 032c 6900     		.ascii	"i\000"
 1313 032e 01       		.byte	0x1
 1314 032f 3402     		.2byte	0x234
 1315 0331 8D000000 		.4byte	0x8d
 1316 0335 F1000000 		.4byte	.LLST7
 1317 0339 19       		.uleb128 0x19
 1318 033a 6A000000 		.4byte	.LBB4
 1319 033e 1C000000 		.4byte	.LBE4-.LBB4
 1320 0342 7F030000 		.4byte	0x37f
 1321 0346 1F       		.uleb128 0x1f
 1322 0347 6D7300   		.ascii	"ms\000"
 1323 034a 01       		.byte	0x1
 1324 034b 3902     		.2byte	0x239
 1325 034d 55030000 		.4byte	0x355
 1326 0351 1B010000 		.4byte	.LLST8
 1327 0355 0F       		.uleb128 0xf
 1328 0356 04       		.byte	0x4
 1329 0357 0F030000 		.4byte	0x30f
 1330 035b 12       		.uleb128 0x12
 1331 035c 86000000 		.4byte	.LVL30
 1332 0360 95010000 		.4byte	0x195
 1333 0364 13       		.uleb128 0x13
 1334 0365 01       		.uleb128 0x1
 1335 0366 51       		.byte	0x51
 1336 0367 15       		.uleb128 0x15
 1337 0368 74       		.byte	0x74
 1338 0369 00       		.sleb128 0
 1339 036a 31       		.byte	0x31
 1340 036b 24       		.byte	0x24
 1341 036c 74       		.byte	0x74
 1342 036d 00       		.sleb128 0
 1343 036e 22       		.byte	0x22
 1344 036f 31       		.byte	0x31
 1345 0370 24       		.byte	0x24
 1346 0371 03       		.byte	0x3
 1347 0372 04000000 		.4byte	.LANCHOR0+4
 1348 0376 22       		.byte	0x22
 1349 0377 94       		.byte	0x94
 1350 0378 02       		.byte	0x2
 1351 0379 0A       		.byte	0xa
 1352 037a FFFF     		.2byte	0xffff
 1353 037c 1A       		.byte	0x1a
 1354 037d 00       		.byte	0
 1355 037e 00       		.byte	0
 1356 037f 12       		.uleb128 0x12
 1357 0380 9A000000 		.4byte	.LVL33
 1358 0384 0D010000 		.4byte	0x10d
 1359 0388 13       		.uleb128 0x13
ARM GAS  C:\Users\HP\AppData\Local\Temp\cckbLdqd.s 			page 36


 1360 0389 01       		.uleb128 0x1
 1361 038a 50       		.byte	0x50
 1362 038b 05       		.uleb128 0x5
 1363 038c 03       		.byte	0x3
 1364 038d A8010000 		.4byte	.LANCHOR1+40
 1365 0391 13       		.uleb128 0x13
 1366 0392 01       		.uleb128 0x1
 1367 0393 51       		.byte	0x51
 1368 0394 05       		.uleb128 0x5
 1369 0395 03       		.byte	0x3
 1370 0396 0C000000 		.4byte	.LANCHOR0+12
 1371 039a 00       		.byte	0
 1372 039b 00       		.byte	0
 1373 039c 20       		.uleb128 0x20
 1374 039d 10010000 		.4byte	.LVL34
 1375 03a1 E2010000 		.4byte	0x1e2
 1376 03a5 20       		.uleb128 0x20
 1377 03a6 14010000 		.4byte	.LVL35
 1378 03aa 62020000 		.4byte	0x262
 1379 03ae 00       		.byte	0
 1380 03af 1D       		.uleb128 0x1d
 1381 03b0 85010000 		.4byte	0x185
 1382 03b4 BF030000 		.4byte	0x3bf
 1383 03b8 1E       		.uleb128 0x1e
 1384 03b9 7D000000 		.4byte	0x7d
 1385 03bd 09       		.byte	0x9
 1386 03be 00       		.byte	0
 1387 03bf 10       		.uleb128 0x10
 1388 03c0 AF030000 		.4byte	0x3af
 1389 03c4 1D       		.uleb128 0x1d
 1390 03c5 90010000 		.4byte	0x190
 1391 03c9 D4030000 		.4byte	0x3d4
 1392 03cd 1E       		.uleb128 0x1e
 1393 03ce 7D000000 		.4byte	0x7d
 1394 03d2 CC       		.byte	0xcc
 1395 03d3 00       		.byte	0
 1396 03d4 10       		.uleb128 0x10
 1397 03d5 C4030000 		.4byte	0x3c4
 1398 03d9 21       		.uleb128 0x21
 1399 03da 1D010000 		.4byte	.LASF47
 1400 03de 1D010000 		.4byte	.LASF47
 1401 03e2 22       		.uleb128 0x22
 1402 03e3 A5020000 		.4byte	.LASF41
 1403 03e7 A5020000 		.4byte	.LASF41
 1404 03eb 04       		.byte	0x4
 1405 03ec 6C       		.byte	0x6c
 1406 03ed 22       		.uleb128 0x22
 1407 03ee 1E000000 		.4byte	.LASF42
 1408 03f2 1E000000 		.4byte	.LASF42
 1409 03f6 04       		.byte	0x4
 1410 03f7 D0       		.byte	0xd0
 1411 03f8 22       		.uleb128 0x22
 1412 03f9 3D010000 		.4byte	.LASF43
 1413 03fd 3D010000 		.4byte	.LASF43
 1414 0401 04       		.byte	0x4
 1415 0402 D6       		.byte	0xd6
 1416 0403 00       		.byte	0
ARM GAS  C:\Users\HP\AppData\Local\Temp\cckbLdqd.s 			page 37


 1417              		.section	.debug_abbrev,"",%progbits
 1418              	.Ldebug_abbrev0:
 1419 0000 01       		.uleb128 0x1
 1420 0001 11       		.uleb128 0x11
 1421 0002 01       		.byte	0x1
 1422 0003 25       		.uleb128 0x25
 1423 0004 0E       		.uleb128 0xe
 1424 0005 13       		.uleb128 0x13
 1425 0006 0B       		.uleb128 0xb
 1426 0007 03       		.uleb128 0x3
 1427 0008 0E       		.uleb128 0xe
 1428 0009 1B       		.uleb128 0x1b
 1429 000a 0E       		.uleb128 0xe
 1430 000b 55       		.uleb128 0x55
 1431 000c 17       		.uleb128 0x17
 1432 000d 11       		.uleb128 0x11
 1433 000e 01       		.uleb128 0x1
 1434 000f 10       		.uleb128 0x10
 1435 0010 17       		.uleb128 0x17
 1436 0011 00       		.byte	0
 1437 0012 00       		.byte	0
 1438 0013 02       		.uleb128 0x2
 1439 0014 24       		.uleb128 0x24
 1440 0015 00       		.byte	0
 1441 0016 0B       		.uleb128 0xb
 1442 0017 0B       		.uleb128 0xb
 1443 0018 3E       		.uleb128 0x3e
 1444 0019 0B       		.uleb128 0xb
 1445 001a 03       		.uleb128 0x3
 1446 001b 08       		.uleb128 0x8
 1447 001c 00       		.byte	0
 1448 001d 00       		.byte	0
 1449 001e 03       		.uleb128 0x3
 1450 001f 16       		.uleb128 0x16
 1451 0020 00       		.byte	0
 1452 0021 03       		.uleb128 0x3
 1453 0022 0E       		.uleb128 0xe
 1454 0023 3A       		.uleb128 0x3a
 1455 0024 0B       		.uleb128 0xb
 1456 0025 3B       		.uleb128 0x3b
 1457 0026 0B       		.uleb128 0xb
 1458 0027 49       		.uleb128 0x49
 1459 0028 13       		.uleb128 0x13
 1460 0029 00       		.byte	0
 1461 002a 00       		.byte	0
 1462 002b 04       		.uleb128 0x4
 1463 002c 24       		.uleb128 0x24
 1464 002d 00       		.byte	0
 1465 002e 0B       		.uleb128 0xb
 1466 002f 0B       		.uleb128 0xb
 1467 0030 3E       		.uleb128 0x3e
 1468 0031 0B       		.uleb128 0xb
 1469 0032 03       		.uleb128 0x3
 1470 0033 0E       		.uleb128 0xe
 1471 0034 00       		.byte	0
 1472 0035 00       		.byte	0
 1473 0036 05       		.uleb128 0x5
ARM GAS  C:\Users\HP\AppData\Local\Temp\cckbLdqd.s 			page 38


 1474 0037 0F       		.uleb128 0xf
 1475 0038 00       		.byte	0
 1476 0039 0B       		.uleb128 0xb
 1477 003a 0B       		.uleb128 0xb
 1478 003b 00       		.byte	0
 1479 003c 00       		.byte	0
 1480 003d 06       		.uleb128 0x6
 1481 003e 16       		.uleb128 0x16
 1482 003f 00       		.byte	0
 1483 0040 03       		.uleb128 0x3
 1484 0041 0E       		.uleb128 0xe
 1485 0042 3A       		.uleb128 0x3a
 1486 0043 0B       		.uleb128 0xb
 1487 0044 3B       		.uleb128 0x3b
 1488 0045 05       		.uleb128 0x5
 1489 0046 49       		.uleb128 0x49
 1490 0047 13       		.uleb128 0x13
 1491 0048 00       		.byte	0
 1492 0049 00       		.byte	0
 1493 004a 07       		.uleb128 0x7
 1494 004b 35       		.uleb128 0x35
 1495 004c 00       		.byte	0
 1496 004d 49       		.uleb128 0x49
 1497 004e 13       		.uleb128 0x13
 1498 004f 00       		.byte	0
 1499 0050 00       		.byte	0
 1500 0051 08       		.uleb128 0x8
 1501 0052 13       		.uleb128 0x13
 1502 0053 01       		.byte	0x1
 1503 0054 0B       		.uleb128 0xb
 1504 0055 0B       		.uleb128 0xb
 1505 0056 3A       		.uleb128 0x3a
 1506 0057 0B       		.uleb128 0xb
 1507 0058 3B       		.uleb128 0x3b
 1508 0059 0B       		.uleb128 0xb
 1509 005a 01       		.uleb128 0x1
 1510 005b 13       		.uleb128 0x13
 1511 005c 00       		.byte	0
 1512 005d 00       		.byte	0
 1513 005e 09       		.uleb128 0x9
 1514 005f 0D       		.uleb128 0xd
 1515 0060 00       		.byte	0
 1516 0061 03       		.uleb128 0x3
 1517 0062 0E       		.uleb128 0xe
 1518 0063 3A       		.uleb128 0x3a
 1519 0064 0B       		.uleb128 0xb
 1520 0065 3B       		.uleb128 0x3b
 1521 0066 0B       		.uleb128 0xb
 1522 0067 49       		.uleb128 0x49
 1523 0068 13       		.uleb128 0x13
 1524 0069 38       		.uleb128 0x38
 1525 006a 0B       		.uleb128 0xb
 1526 006b 00       		.byte	0
 1527 006c 00       		.byte	0
 1528 006d 0A       		.uleb128 0xa
 1529 006e 2E       		.uleb128 0x2e
 1530 006f 01       		.byte	0x1
ARM GAS  C:\Users\HP\AppData\Local\Temp\cckbLdqd.s 			page 39


 1531 0070 03       		.uleb128 0x3
 1532 0071 0E       		.uleb128 0xe
 1533 0072 3A       		.uleb128 0x3a
 1534 0073 0B       		.uleb128 0xb
 1535 0074 3B       		.uleb128 0x3b
 1536 0075 0B       		.uleb128 0xb
 1537 0076 27       		.uleb128 0x27
 1538 0077 19       		.uleb128 0x19
 1539 0078 11       		.uleb128 0x11
 1540 0079 01       		.uleb128 0x1
 1541 007a 12       		.uleb128 0x12
 1542 007b 06       		.uleb128 0x6
 1543 007c 40       		.uleb128 0x40
 1544 007d 18       		.uleb128 0x18
 1545 007e 9742     		.uleb128 0x2117
 1546 0080 19       		.uleb128 0x19
 1547 0081 01       		.uleb128 0x1
 1548 0082 13       		.uleb128 0x13
 1549 0083 00       		.byte	0
 1550 0084 00       		.byte	0
 1551 0085 0B       		.uleb128 0xb
 1552 0086 05       		.uleb128 0x5
 1553 0087 00       		.byte	0
 1554 0088 03       		.uleb128 0x3
 1555 0089 0E       		.uleb128 0xe
 1556 008a 3A       		.uleb128 0x3a
 1557 008b 0B       		.uleb128 0xb
 1558 008c 3B       		.uleb128 0x3b
 1559 008d 0B       		.uleb128 0xb
 1560 008e 49       		.uleb128 0x49
 1561 008f 13       		.uleb128 0x13
 1562 0090 02       		.uleb128 0x2
 1563 0091 18       		.uleb128 0x18
 1564 0092 00       		.byte	0
 1565 0093 00       		.byte	0
 1566 0094 0C       		.uleb128 0xc
 1567 0095 34       		.uleb128 0x34
 1568 0096 00       		.byte	0
 1569 0097 03       		.uleb128 0x3
 1570 0098 08       		.uleb128 0x8
 1571 0099 3A       		.uleb128 0x3a
 1572 009a 0B       		.uleb128 0xb
 1573 009b 3B       		.uleb128 0x3b
 1574 009c 0B       		.uleb128 0xb
 1575 009d 49       		.uleb128 0x49
 1576 009e 13       		.uleb128 0x13
 1577 009f 02       		.uleb128 0x2
 1578 00a0 17       		.uleb128 0x17
 1579 00a1 00       		.byte	0
 1580 00a2 00       		.byte	0
 1581 00a3 0D       		.uleb128 0xd
 1582 00a4 0B       		.uleb128 0xb
 1583 00a5 01       		.byte	0x1
 1584 00a6 11       		.uleb128 0x11
 1585 00a7 01       		.uleb128 0x1
 1586 00a8 12       		.uleb128 0x12
 1587 00a9 06       		.uleb128 0x6
ARM GAS  C:\Users\HP\AppData\Local\Temp\cckbLdqd.s 			page 40


 1588 00aa 00       		.byte	0
 1589 00ab 00       		.byte	0
 1590 00ac 0E       		.uleb128 0xe
 1591 00ad 34       		.uleb128 0x34
 1592 00ae 00       		.byte	0
 1593 00af 03       		.uleb128 0x3
 1594 00b0 0E       		.uleb128 0xe
 1595 00b1 3A       		.uleb128 0x3a
 1596 00b2 0B       		.uleb128 0xb
 1597 00b3 3B       		.uleb128 0x3b
 1598 00b4 0B       		.uleb128 0xb
 1599 00b5 49       		.uleb128 0x49
 1600 00b6 13       		.uleb128 0x13
 1601 00b7 02       		.uleb128 0x2
 1602 00b8 17       		.uleb128 0x17
 1603 00b9 00       		.byte	0
 1604 00ba 00       		.byte	0
 1605 00bb 0F       		.uleb128 0xf
 1606 00bc 0F       		.uleb128 0xf
 1607 00bd 00       		.byte	0
 1608 00be 0B       		.uleb128 0xb
 1609 00bf 0B       		.uleb128 0xb
 1610 00c0 49       		.uleb128 0x49
 1611 00c1 13       		.uleb128 0x13
 1612 00c2 00       		.byte	0
 1613 00c3 00       		.byte	0
 1614 00c4 10       		.uleb128 0x10
 1615 00c5 26       		.uleb128 0x26
 1616 00c6 00       		.byte	0
 1617 00c7 49       		.uleb128 0x49
 1618 00c8 13       		.uleb128 0x13
 1619 00c9 00       		.byte	0
 1620 00ca 00       		.byte	0
 1621 00cb 11       		.uleb128 0x11
 1622 00cc 05       		.uleb128 0x5
 1623 00cd 00       		.byte	0
 1624 00ce 03       		.uleb128 0x3
 1625 00cf 08       		.uleb128 0x8
 1626 00d0 3A       		.uleb128 0x3a
 1627 00d1 0B       		.uleb128 0xb
 1628 00d2 3B       		.uleb128 0x3b
 1629 00d3 0B       		.uleb128 0xb
 1630 00d4 49       		.uleb128 0x49
 1631 00d5 13       		.uleb128 0x13
 1632 00d6 02       		.uleb128 0x2
 1633 00d7 17       		.uleb128 0x17
 1634 00d8 00       		.byte	0
 1635 00d9 00       		.byte	0
 1636 00da 12       		.uleb128 0x12
 1637 00db 898201   		.uleb128 0x4109
 1638 00de 01       		.byte	0x1
 1639 00df 11       		.uleb128 0x11
 1640 00e0 01       		.uleb128 0x1
 1641 00e1 31       		.uleb128 0x31
 1642 00e2 13       		.uleb128 0x13
 1643 00e3 00       		.byte	0
 1644 00e4 00       		.byte	0
ARM GAS  C:\Users\HP\AppData\Local\Temp\cckbLdqd.s 			page 41


 1645 00e5 13       		.uleb128 0x13
 1646 00e6 8A8201   		.uleb128 0x410a
 1647 00e9 00       		.byte	0
 1648 00ea 02       		.uleb128 0x2
 1649 00eb 18       		.uleb128 0x18
 1650 00ec 9142     		.uleb128 0x2111
 1651 00ee 18       		.uleb128 0x18
 1652 00ef 00       		.byte	0
 1653 00f0 00       		.byte	0
 1654 00f1 14       		.uleb128 0x14
 1655 00f2 898201   		.uleb128 0x4109
 1656 00f5 01       		.byte	0x1
 1657 00f6 11       		.uleb128 0x11
 1658 00f7 01       		.uleb128 0x1
 1659 00f8 31       		.uleb128 0x31
 1660 00f9 13       		.uleb128 0x13
 1661 00fa 01       		.uleb128 0x1
 1662 00fb 13       		.uleb128 0x13
 1663 00fc 00       		.byte	0
 1664 00fd 00       		.byte	0
 1665 00fe 15       		.uleb128 0x15
 1666 00ff 2E       		.uleb128 0x2e
 1667 0100 01       		.byte	0x1
 1668 0101 3F       		.uleb128 0x3f
 1669 0102 19       		.uleb128 0x19
 1670 0103 03       		.uleb128 0x3
 1671 0104 0E       		.uleb128 0xe
 1672 0105 3A       		.uleb128 0x3a
 1673 0106 0B       		.uleb128 0xb
 1674 0107 3B       		.uleb128 0x3b
 1675 0108 05       		.uleb128 0x5
 1676 0109 27       		.uleb128 0x27
 1677 010a 19       		.uleb128 0x19
 1678 010b 11       		.uleb128 0x11
 1679 010c 01       		.uleb128 0x1
 1680 010d 12       		.uleb128 0x12
 1681 010e 06       		.uleb128 0x6
 1682 010f 40       		.uleb128 0x40
 1683 0110 18       		.uleb128 0x18
 1684 0111 9742     		.uleb128 0x2117
 1685 0113 19       		.uleb128 0x19
 1686 0114 01       		.uleb128 0x1
 1687 0115 13       		.uleb128 0x13
 1688 0116 00       		.byte	0
 1689 0117 00       		.byte	0
 1690 0118 16       		.uleb128 0x16
 1691 0119 05       		.uleb128 0x5
 1692 011a 00       		.byte	0
 1693 011b 03       		.uleb128 0x3
 1694 011c 0E       		.uleb128 0xe
 1695 011d 3A       		.uleb128 0x3a
 1696 011e 0B       		.uleb128 0xb
 1697 011f 3B       		.uleb128 0x3b
 1698 0120 05       		.uleb128 0x5
 1699 0121 49       		.uleb128 0x49
 1700 0122 13       		.uleb128 0x13
 1701 0123 02       		.uleb128 0x2
ARM GAS  C:\Users\HP\AppData\Local\Temp\cckbLdqd.s 			page 42


 1702 0124 18       		.uleb128 0x18
 1703 0125 00       		.byte	0
 1704 0126 00       		.byte	0
 1705 0127 17       		.uleb128 0x17
 1706 0128 34       		.uleb128 0x34
 1707 0129 00       		.byte	0
 1708 012a 03       		.uleb128 0x3
 1709 012b 0E       		.uleb128 0xe
 1710 012c 3A       		.uleb128 0x3a
 1711 012d 0B       		.uleb128 0xb
 1712 012e 3B       		.uleb128 0x3b
 1713 012f 05       		.uleb128 0x5
 1714 0130 49       		.uleb128 0x49
 1715 0131 13       		.uleb128 0x13
 1716 0132 02       		.uleb128 0x2
 1717 0133 17       		.uleb128 0x17
 1718 0134 00       		.byte	0
 1719 0135 00       		.byte	0
 1720 0136 18       		.uleb128 0x18
 1721 0137 2E       		.uleb128 0x2e
 1722 0138 01       		.byte	0x1
 1723 0139 03       		.uleb128 0x3
 1724 013a 0E       		.uleb128 0xe
 1725 013b 3A       		.uleb128 0x3a
 1726 013c 0B       		.uleb128 0xb
 1727 013d 3B       		.uleb128 0x3b
 1728 013e 05       		.uleb128 0x5
 1729 013f 27       		.uleb128 0x27
 1730 0140 19       		.uleb128 0x19
 1731 0141 11       		.uleb128 0x11
 1732 0142 01       		.uleb128 0x1
 1733 0143 12       		.uleb128 0x12
 1734 0144 06       		.uleb128 0x6
 1735 0145 40       		.uleb128 0x40
 1736 0146 18       		.uleb128 0x18
 1737 0147 9742     		.uleb128 0x2117
 1738 0149 19       		.uleb128 0x19
 1739 014a 01       		.uleb128 0x1
 1740 014b 13       		.uleb128 0x13
 1741 014c 00       		.byte	0
 1742 014d 00       		.byte	0
 1743 014e 19       		.uleb128 0x19
 1744 014f 0B       		.uleb128 0xb
 1745 0150 01       		.byte	0x1
 1746 0151 11       		.uleb128 0x11
 1747 0152 01       		.uleb128 0x1
 1748 0153 12       		.uleb128 0x12
 1749 0154 06       		.uleb128 0x6
 1750 0155 01       		.uleb128 0x1
 1751 0156 13       		.uleb128 0x13
 1752 0157 00       		.byte	0
 1753 0158 00       		.byte	0
 1754 0159 1A       		.uleb128 0x1a
 1755 015a 34       		.uleb128 0x34
 1756 015b 00       		.byte	0
 1757 015c 03       		.uleb128 0x3
 1758 015d 0E       		.uleb128 0xe
ARM GAS  C:\Users\HP\AppData\Local\Temp\cckbLdqd.s 			page 43


 1759 015e 3A       		.uleb128 0x3a
 1760 015f 0B       		.uleb128 0xb
 1761 0160 3B       		.uleb128 0x3b
 1762 0161 05       		.uleb128 0x5
 1763 0162 49       		.uleb128 0x49
 1764 0163 13       		.uleb128 0x13
 1765 0164 02       		.uleb128 0x2
 1766 0165 18       		.uleb128 0x18
 1767 0166 00       		.byte	0
 1768 0167 00       		.byte	0
 1769 0168 1B       		.uleb128 0x1b
 1770 0169 13       		.uleb128 0x13
 1771 016a 01       		.byte	0x1
 1772 016b 0B       		.uleb128 0xb
 1773 016c 0B       		.uleb128 0xb
 1774 016d 3A       		.uleb128 0x3a
 1775 016e 0B       		.uleb128 0xb
 1776 016f 3B       		.uleb128 0x3b
 1777 0170 05       		.uleb128 0x5
 1778 0171 01       		.uleb128 0x1
 1779 0172 13       		.uleb128 0x13
 1780 0173 00       		.byte	0
 1781 0174 00       		.byte	0
 1782 0175 1C       		.uleb128 0x1c
 1783 0176 0D       		.uleb128 0xd
 1784 0177 00       		.byte	0
 1785 0178 03       		.uleb128 0x3
 1786 0179 0E       		.uleb128 0xe
 1787 017a 3A       		.uleb128 0x3a
 1788 017b 0B       		.uleb128 0xb
 1789 017c 3B       		.uleb128 0x3b
 1790 017d 05       		.uleb128 0x5
 1791 017e 49       		.uleb128 0x49
 1792 017f 13       		.uleb128 0x13
 1793 0180 38       		.uleb128 0x38
 1794 0181 0B       		.uleb128 0xb
 1795 0182 00       		.byte	0
 1796 0183 00       		.byte	0
 1797 0184 1D       		.uleb128 0x1d
 1798 0185 01       		.uleb128 0x1
 1799 0186 01       		.byte	0x1
 1800 0187 49       		.uleb128 0x49
 1801 0188 13       		.uleb128 0x13
 1802 0189 01       		.uleb128 0x1
 1803 018a 13       		.uleb128 0x13
 1804 018b 00       		.byte	0
 1805 018c 00       		.byte	0
 1806 018d 1E       		.uleb128 0x1e
 1807 018e 21       		.uleb128 0x21
 1808 018f 00       		.byte	0
 1809 0190 49       		.uleb128 0x49
 1810 0191 13       		.uleb128 0x13
 1811 0192 2F       		.uleb128 0x2f
 1812 0193 0B       		.uleb128 0xb
 1813 0194 00       		.byte	0
 1814 0195 00       		.byte	0
 1815 0196 1F       		.uleb128 0x1f
ARM GAS  C:\Users\HP\AppData\Local\Temp\cckbLdqd.s 			page 44


 1816 0197 34       		.uleb128 0x34
 1817 0198 00       		.byte	0
 1818 0199 03       		.uleb128 0x3
 1819 019a 08       		.uleb128 0x8
 1820 019b 3A       		.uleb128 0x3a
 1821 019c 0B       		.uleb128 0xb
 1822 019d 3B       		.uleb128 0x3b
 1823 019e 05       		.uleb128 0x5
 1824 019f 49       		.uleb128 0x49
 1825 01a0 13       		.uleb128 0x13
 1826 01a1 02       		.uleb128 0x2
 1827 01a2 17       		.uleb128 0x17
 1828 01a3 00       		.byte	0
 1829 01a4 00       		.byte	0
 1830 01a5 20       		.uleb128 0x20
 1831 01a6 898201   		.uleb128 0x4109
 1832 01a9 00       		.byte	0
 1833 01aa 11       		.uleb128 0x11
 1834 01ab 01       		.uleb128 0x1
 1835 01ac 31       		.uleb128 0x31
 1836 01ad 13       		.uleb128 0x13
 1837 01ae 00       		.byte	0
 1838 01af 00       		.byte	0
 1839 01b0 21       		.uleb128 0x21
 1840 01b1 2E       		.uleb128 0x2e
 1841 01b2 00       		.byte	0
 1842 01b3 3F       		.uleb128 0x3f
 1843 01b4 19       		.uleb128 0x19
 1844 01b5 3C       		.uleb128 0x3c
 1845 01b6 19       		.uleb128 0x19
 1846 01b7 6E       		.uleb128 0x6e
 1847 01b8 0E       		.uleb128 0xe
 1848 01b9 03       		.uleb128 0x3
 1849 01ba 0E       		.uleb128 0xe
 1850 01bb 00       		.byte	0
 1851 01bc 00       		.byte	0
 1852 01bd 22       		.uleb128 0x22
 1853 01be 2E       		.uleb128 0x2e
 1854 01bf 00       		.byte	0
 1855 01c0 3F       		.uleb128 0x3f
 1856 01c1 19       		.uleb128 0x19
 1857 01c2 3C       		.uleb128 0x3c
 1858 01c3 19       		.uleb128 0x19
 1859 01c4 6E       		.uleb128 0x6e
 1860 01c5 0E       		.uleb128 0xe
 1861 01c6 03       		.uleb128 0x3
 1862 01c7 0E       		.uleb128 0xe
 1863 01c8 3A       		.uleb128 0x3a
 1864 01c9 0B       		.uleb128 0xb
 1865 01ca 3B       		.uleb128 0x3b
 1866 01cb 0B       		.uleb128 0xb
 1867 01cc 00       		.byte	0
 1868 01cd 00       		.byte	0
 1869 01ce 00       		.byte	0
 1870              		.section	.debug_loc,"",%progbits
 1871              	.Ldebug_loc0:
 1872              	.LLST0:
ARM GAS  C:\Users\HP\AppData\Local\Temp\cckbLdqd.s 			page 45


 1873 0000 02000000 		.4byte	.LVL1
 1874 0004 08000000 		.4byte	.LVL2
 1875 0008 0200     		.2byte	0x2
 1876 000a 30       		.byte	0x30
 1877 000b 9F       		.byte	0x9f
 1878 000c 08000000 		.4byte	.LVL2
 1879 0010 30000000 		.4byte	.LVL11
 1880 0014 0100     		.2byte	0x1
 1881 0016 57       		.byte	0x57
 1882 0017 00000000 		.4byte	0
 1883 001b 00000000 		.4byte	0
 1884              	.LLST1:
 1885 001f 02000000 		.4byte	.LVL1
 1886 0023 08000000 		.4byte	.LVL2
 1887 0027 0200     		.2byte	0x2
 1888 0029 30       		.byte	0x30
 1889 002a 9F       		.byte	0x9f
 1890 002b 08000000 		.4byte	.LVL2
 1891 002f 30000000 		.4byte	.LVL10
 1892 0033 0100     		.2byte	0x1
 1893 0035 55       		.byte	0x55
 1894 0036 00000000 		.4byte	0
 1895 003a 00000000 		.4byte	0
 1896              	.LLST2:
 1897 003e 0C000000 		.4byte	.LVL3
 1898 0042 2C000000 		.4byte	.LVL9
 1899 0046 0100     		.2byte	0x1
 1900 0048 56       		.byte	0x56
 1901 0049 00000000 		.4byte	0
 1902 004d 00000000 		.4byte	0
 1903              	.LLST3:
 1904 0051 0E000000 		.4byte	.LVL4
 1905 0055 24000000 		.4byte	.LVL7
 1906 0059 0100     		.2byte	0x1
 1907 005b 53       		.byte	0x53
 1908 005c 26000000 		.4byte	.LVL8
 1909 0060 2C000000 		.4byte	.LVL9
 1910 0064 0100     		.2byte	0x1
 1911 0066 53       		.byte	0x53
 1912 0067 00000000 		.4byte	0
 1913 006b 00000000 		.4byte	0
 1914              	.LLST4:
 1915 006f 00000000 		.4byte	.LVL12
 1916 0073 09000000 		.4byte	.LVL14-1
 1917 0077 0100     		.2byte	0x1
 1918 0079 50       		.byte	0x50
 1919 007a 09000000 		.4byte	.LVL14-1
 1920 007e 0C000000 		.4byte	.LFE0
 1921 0082 0400     		.2byte	0x4
 1922 0084 F3       		.byte	0xf3
 1923 0085 01       		.uleb128 0x1
 1924 0086 50       		.byte	0x50
 1925 0087 9F       		.byte	0x9f
 1926 0088 00000000 		.4byte	0
 1927 008c 00000000 		.4byte	0
 1928              	.LLST5:
 1929 0090 00000000 		.4byte	.LVL12
ARM GAS  C:\Users\HP\AppData\Local\Temp\cckbLdqd.s 			page 46


 1930 0094 06000000 		.4byte	.LVL13
 1931 0098 0100     		.2byte	0x1
 1932 009a 51       		.byte	0x51
 1933 009b 06000000 		.4byte	.LVL13
 1934 009f 09000000 		.4byte	.LVL14-1
 1935 00a3 0100     		.2byte	0x1
 1936 00a5 52       		.byte	0x52
 1937 00a6 09000000 		.4byte	.LVL14-1
 1938 00aa 0C000000 		.4byte	.LFE0
 1939 00ae 0400     		.2byte	0x4
 1940 00b0 F3       		.byte	0xf3
 1941 00b1 01       		.uleb128 0x1
 1942 00b2 51       		.byte	0x51
 1943 00b3 9F       		.byte	0x9f
 1944 00b4 00000000 		.4byte	0
 1945 00b8 00000000 		.4byte	0
 1946              	.LLST6:
 1947 00bc 04000000 		.4byte	.LVL19
 1948 00c0 12000000 		.4byte	.LVL21
 1949 00c4 0100     		.2byte	0x1
 1950 00c6 53       		.byte	0x53
 1951 00c7 14000000 		.4byte	.LVL22
 1952 00cb 1A000000 		.4byte	.LVL23
 1953 00cf 0100     		.2byte	0x1
 1954 00d1 53       		.byte	0x53
 1955 00d2 1A000000 		.4byte	.LVL23
 1956 00d6 1C000000 		.4byte	.LVL24
 1957 00da 0200     		.2byte	0x2
 1958 00dc 72       		.byte	0x72
 1959 00dd 00       		.sleb128 0
 1960 00de 1C000000 		.4byte	.LVL24
 1961 00e2 40000000 		.4byte	.LFE6
 1962 00e6 0100     		.2byte	0x1
 1963 00e8 53       		.byte	0x53
 1964 00e9 00000000 		.4byte	0
 1965 00ed 00000000 		.4byte	0
 1966              	.LLST7:
 1967 00f1 66000000 		.4byte	.LVL28
 1968 00f5 6A000000 		.4byte	.LVL29
 1969 00f9 0200     		.2byte	0x2
 1970 00fb 30       		.byte	0x30
 1971 00fc 9F       		.byte	0x9f
 1972 00fd 6A000000 		.4byte	.LVL29
 1973 0101 88000000 		.4byte	.LVL31
 1974 0105 0100     		.2byte	0x1
 1975 0107 54       		.byte	0x54
 1976 0108 8A000000 		.4byte	.LVL32
 1977 010c 14010000 		.4byte	.LVL36
 1978 0110 0100     		.2byte	0x1
 1979 0112 54       		.byte	0x54
 1980 0113 00000000 		.4byte	0
 1981 0117 00000000 		.4byte	0
 1982              	.LLST8:
 1983 011b 6A000000 		.4byte	.LVL29
 1984 011f 88000000 		.4byte	.LVL31
 1985 0123 0B00     		.2byte	0xb
 1986 0125 74       		.byte	0x74
ARM GAS  C:\Users\HP\AppData\Local\Temp\cckbLdqd.s 			page 47


 1987 0126 00       		.sleb128 0
 1988 0127 36       		.byte	0x36
 1989 0128 1E       		.byte	0x1e
 1990 0129 03       		.byte	0x3
 1991 012a 00000000 		.4byte	cfg_memset_list.4876
 1992 012e 22       		.byte	0x22
 1993 012f 9F       		.byte	0x9f
 1994 0130 88000000 		.4byte	.LVL31
 1995 0134 8A000000 		.4byte	.LVL32
 1996 0138 0B00     		.2byte	0xb
 1997 013a 74       		.byte	0x74
 1998 013b 7F       		.sleb128 -1
 1999 013c 36       		.byte	0x36
 2000 013d 1E       		.byte	0x1e
 2001 013e 03       		.byte	0x3
 2002 013f 00000000 		.4byte	cfg_memset_list.4876
 2003 0143 22       		.byte	0x22
 2004 0144 9F       		.byte	0x9f
 2005 0145 00000000 		.4byte	0
 2006 0149 00000000 		.4byte	0
 2007              		.section	.debug_aranges,"",%progbits
 2008 0000 44000000 		.4byte	0x44
 2009 0004 0200     		.2byte	0x2
 2010 0006 00000000 		.4byte	.Ldebug_info0
 2011 000a 04       		.byte	0x4
 2012 000b 00       		.byte	0
 2013 000c 0000     		.2byte	0
 2014 000e 0000     		.2byte	0
 2015 0010 00000000 		.4byte	.LFB3
 2016 0014 32000000 		.4byte	.LFE3-.LFB3
 2017 0018 00000000 		.4byte	.LFB0
 2018 001c 0C000000 		.4byte	.LFE0-.LFB0
 2019 0020 00000000 		.4byte	.LFB4
 2020 0024 5C000000 		.4byte	.LFE4-.LFB4
 2021 0028 00000000 		.4byte	.LFB6
 2022 002c 40000000 		.4byte	.LFE6-.LFB6
 2023 0030 00000000 		.4byte	.LFB5
 2024 0034 0A000000 		.4byte	.LFE5-.LFB5
 2025 0038 5C000000 		.4byte	.LFB7
 2026 003c 1C010000 		.4byte	.LFE7-.LFB7
 2027 0040 00000000 		.4byte	0
 2028 0044 00000000 		.4byte	0
 2029              		.section	.debug_ranges,"",%progbits
 2030              	.Ldebug_ranges0:
 2031 0000 00000000 		.4byte	.LFB3
 2032 0004 32000000 		.4byte	.LFE3
 2033 0008 00000000 		.4byte	.LFB0
 2034 000c 0C000000 		.4byte	.LFE0
 2035 0010 00000000 		.4byte	.LFB4
 2036 0014 5C000000 		.4byte	.LFE4
 2037 0018 00000000 		.4byte	.LFB6
 2038 001c 40000000 		.4byte	.LFE6
 2039 0020 00000000 		.4byte	.LFB5
 2040 0024 0A000000 		.4byte	.LFE5
 2041 0028 5C000000 		.4byte	.LFB7
 2042 002c 78010000 		.4byte	.LFE7
 2043 0030 00000000 		.4byte	0
ARM GAS  C:\Users\HP\AppData\Local\Temp\cckbLdqd.s 			page 48


 2044 0034 00000000 		.4byte	0
 2045              		.section	.debug_line,"",%progbits
 2046              	.Ldebug_line0:
 2047 0000 8E010000 		.section	.debug_str,"MS",%progbits,1
 2047      0200D600 
 2047      00000201 
 2047      FB0E0D00 
 2047      01010101 
 2048              	.LASF19:
 2049 0000 72656733 		.ascii	"reg32\000"
 2049      3200
 2050              	.LASF12:
 2051 0006 73697A65 		.ascii	"size_t\000"
 2051      5F7400
 2052              	.LASF32:
 2053 000d 416E616C 		.ascii	"AnalogSetDefault\000"
 2053      6F675365 
 2053      74446566 
 2053      61756C74 
 2053      00
 2054              	.LASF42:
 2055 001e 4379496E 		.ascii	"CyIntSetVector\000"
 2055      74536574 
 2055      56656374 
 2055      6F7200
 2056              	.LASF21:
 2057 002d 76616C75 		.ascii	"value\000"
 2057      6500
 2058              	.LASF26:
 2059 0033 636F756E 		.ascii	"count\000"
 2059      7400
 2060              	.LASF29:
 2061 0039 436C6F63 		.ascii	"ClockSetup\000"
 2061      6B536574 
 2061      757000
 2062              	.LASF35:
 2063 0044 63795F63 		.ascii	"cy_cfg_addr_table\000"
 2063      66675F61 
 2063      6464725F 
 2063      7461626C 
 2063      6500
 2064              	.LASF36:
 2065 0056 63795F63 		.ascii	"cy_cfg_data_table\000"
 2065      66675F64 
 2065      6174615F 
 2065      7461626C 
 2065      6500
 2066              	.LASF16:
 2067 0068 666C6F61 		.ascii	"float\000"
 2067      7400
 2068              	.LASF40:
 2069 006e 6366675F 		.ascii	"cfg_memset_list\000"
 2069      6D656D73 
 2069      65745F6C 
 2069      69737400 
 2070              	.LASF38:
 2071 007e 73697A65 		.ascii	"size\000"
ARM GAS  C:\Users\HP\AppData\Local\Temp\cckbLdqd.s 			page 49


 2071      00
 2072              	.LASF18:
 2073 0083 72656738 		.ascii	"reg8\000"
 2073      00
 2074              	.LASF8:
 2075 0088 6C6F6E67 		.ascii	"long unsigned int\000"
 2075      20756E73 
 2075      69676E65 
 2075      6420696E 
 2075      7400
 2076              	.LASF46:
 2077 009a 433A5C55 		.ascii	"C:\\Users\\HP\\Documents\\PSoC Creator\\PWM\\Kursov"
 2077      73657273 
 2077      5C48505C 
 2077      446F6375 
 2077      6D656E74 
 2078 00c7 615F7072 		.ascii	"a_pryklad\\Turchyn_TR-41z_KR.cydsn\000"
 2078      796B6C61 
 2078      645C5475 
 2078      72636879 
 2078      6E5F5452 
 2079              	.LASF13:
 2080 00e9 75696E74 		.ascii	"uint8\000"
 2080      3800
 2081              	.LASF28:
 2082 00ef 43594D45 		.ascii	"CYMEMZERO\000"
 2082      4D5A4552 
 2082      4F00
 2083              	.LASF33:
 2084 00f9 53657441 		.ascii	"SetAnalogRoutingPumps\000"
 2084      6E616C6F 
 2084      67526F75 
 2084      74696E67 
 2084      50756D70 
 2085              	.LASF4:
 2086 010f 756E7369 		.ascii	"unsigned char\000"
 2086      676E6564 
 2086      20636861 
 2086      7200
 2087              	.LASF47:
 2088 011d 6D656D73 		.ascii	"memset\000"
 2088      657400
 2089              	.LASF17:
 2090 0124 646F7562 		.ascii	"double\000"
 2090      6C6500
 2091              	.LASF27:
 2092 012b 6366675F 		.ascii	"cfg_write_bytes32\000"
 2092      77726974 
 2092      655F6279 
 2092      74657333 
 2092      3200
 2093              	.LASF43:
 2094 013d 4379496E 		.ascii	"CyIntEnable\000"
 2094      74456E61 
 2094      626C6500 
 2095              	.LASF23:
 2096 0149 61646472 		.ascii	"addr_table\000"
ARM GAS  C:\Users\HP\AppData\Local\Temp\cckbLdqd.s 			page 50


 2096      5F746162 
 2096      6C6500
 2097              	.LASF14:
 2098 0154 75696E74 		.ascii	"uint16\000"
 2098      313600
 2099              	.LASF24:
 2100 015b 64617461 		.ascii	"data_table\000"
 2100      5F746162 
 2100      6C6500
 2101              	.LASF15:
 2102 0166 75696E74 		.ascii	"uint32\000"
 2102      333200
 2103              	.LASF0:
 2104 016d 756E7369 		.ascii	"unsigned int\000"
 2104      676E6564 
 2104      20696E74 
 2104      00
 2105              	.LASF34:
 2106 017a 63796669 		.ascii	"cyfitter_cfg\000"
 2106      74746572 
 2106      5F636667 
 2106      00
 2107              	.LASF37:
 2108 0187 61646472 		.ascii	"address\000"
 2108      65737300 
 2109              	.LASF9:
 2110 018f 6C6F6E67 		.ascii	"long long unsigned int\000"
 2110      206C6F6E 
 2110      6720756E 
 2110      7369676E 
 2110      65642069 
 2111              	.LASF44:
 2112 01a6 474E5520 		.ascii	"GNU C11 5.4.1 20160609 (release) [ARM/embedded-5-br"
 2112      43313120 
 2112      352E342E 
 2112      31203230 
 2112      31363036 
 2113 01d9 616E6368 		.ascii	"anch revision 237715] -mcpu=cortex-m0 -mthumb -g -O"
 2113      20726576 
 2113      6973696F 
 2113      6E203233 
 2113      37373135 
 2114 020c 67202D66 		.ascii	"g -ffunction-sections -ffat-lto-objects\000"
 2114      66756E63 
 2114      74696F6E 
 2114      2D736563 
 2114      74696F6E 
 2115              	.LASF39:
 2116 0234 6366675F 		.ascii	"cfg_memset_t\000"
 2116      6D656D73 
 2116      65745F74 
 2116      00
 2117              	.LASF25:
 2118 0241 62617365 		.ascii	"baseAddr\000"
 2118      41646472 
 2118      00
 2119              	.LASF10:
ARM GAS  C:\Users\HP\AppData\Local\Temp\cckbLdqd.s 			page 51


 2120 024a 73697A65 		.ascii	"sizetype\000"
 2120      74797065 
 2120      00
 2121              	.LASF6:
 2122 0253 73686F72 		.ascii	"short unsigned int\000"
 2122      7420756E 
 2122      7369676E 
 2122      65642069 
 2122      6E7400
 2123              	.LASF1:
 2124 0266 6C6F6E67 		.ascii	"long long int\000"
 2124      206C6F6E 
 2124      6720696E 
 2124      7400
 2125              	.LASF11:
 2126 0274 63686172 		.ascii	"char\000"
 2126      00
 2127              	.LASF22:
 2128 0279 63795F63 		.ascii	"cy_cfg_addrvalue_t\000"
 2128      66675F61 
 2128      64647276 
 2128      616C7565 
 2128      5F7400
 2129              	.LASF20:
 2130 028c 6F666673 		.ascii	"offset\000"
 2130      657400
 2131              	.LASF30:
 2132 0293 656E6162 		.ascii	"enabled\000"
 2132      6C656400 
 2133              	.LASF5:
 2134 029b 73686F72 		.ascii	"short int\000"
 2134      7420696E 
 2134      7400
 2135              	.LASF41:
 2136 02a5 43795379 		.ascii	"CySysClkWriteImoFreq\000"
 2136      73436C6B 
 2136      57726974 
 2136      65496D6F 
 2136      46726571 
 2137              	.LASF7:
 2138 02ba 6C6F6E67 		.ascii	"long int\000"
 2138      20696E74 
 2138      00
 2139              	.LASF2:
 2140 02c3 6C6F6E67 		.ascii	"long double\000"
 2140      20646F75 
 2140      626C6500 
 2141              	.LASF3:
 2142 02cf 7369676E 		.ascii	"signed char\000"
 2142      65642063 
 2142      68617200 
 2143              	.LASF45:
 2144 02db 47656E65 		.ascii	"Generated_Source\\PSoC4\\cyfitter_cfg.c\000"
 2144      72617465 
 2144      645F536F 
 2144      75726365 
 2144      5C50536F 
ARM GAS  C:\Users\HP\AppData\Local\Temp\cckbLdqd.s 			page 52


 2145              	.LASF31:
 2146 0301 72656756 		.ascii	"regValue\000"
 2146      616C7565 
 2146      00
 2147              		.ident	"GCC: (GNU Tools for ARM Embedded Processors) 5.4.1 20160609 (release) [ARM/embedded-5-bran
